0.002,2.41,2.39,2.4,2.41
0.003,2.4,2.38,2.38,2.41
0.004,2.4,2.38,2.4,2.41
0.005,2.41,2.41,2.42,2.41
0.006,2.43,2.42,2.42,2.41
0.006,2.41,2.39,2.4,2.41
0.007,2.4,2.38,2.38,2.41
0.008,2.41,2.41,2.4,2.41
0.008,2.39,2.39,2.42,2.41
0.009,2.42,2.41,2.42,2.41
0.009,2.42,2.41,2.42,2.41
0.01,2.41,2.41,2.4,2.41
0.01,2.41,2.39,2.42,2.41
0.011,2.42,2.42,2.41,2.41
0.011,2.41,2.42,2.41,2.41
0.011,2.41,2.4,2.4,2.41
0.012,2.42,2.42,2.41,2.41
0.012,2.41,2.42,2.41,2.41
0.012,2.4,2.43,2.4,2.41
0.012,2.4,2.41,2.4,2.41
0.012,2.42,2.41,2.42,2.41
0.013,2.42,2.43,2.43,2.41
0.013,2.41,2.42,2.41,2.41
0.013,2.39,2.41,2.39,2.41
0.013,2.41,2.41,2.41,2.41
0.014,2.44,2.42,2.41,2.41
0.014,2.41,2.42,2.4,2.41
0.014,2.39,2.4,2.39,2.41
0.014,2.42,2.41,2.42,2.41
0.015,2.42,2.43,2.41,2.41
0.015,2.41,2.41,2.41,2.41
0.016,2.4,2.41,2.39,2.41
0.016,2.41,2.42,2.42,2.41
0.017,2.41,2.42,2.42,2.41
0.017,2.41,2.41,2.4,2.41
0.017,2.42,2.4,2.42,2.41
0.018,2.41,2.42,2.41,2.41
0.018,2.41,2.42,2.4,2.41
0.018,2.4,2.41,2.4,2.41
0.019,2.4,2.42,2.4,2.41
0.019,2.41,2.42,2.41,2.41
0.019,2.4,2.41,2.4,2.41
0.019,2.4,2.4,2.4,2.41
0.02,2.42,2.41,2.42,2.41
0.02,2.43,2.43,2.41,2.41
0.02,2.4,2.41,2.4,2.41
0.02,2.39,2.39,2.41,2.41
0.021,2.41,2.41,2.42,2.41
0.021,2.42,2.43,2.41,2.41
0.021,2.41,2.42,2.39,2.41
0.021,2.4,2.4,2.39,2.41
0.021,2.41,2.42,2.41,2.41
0.022,2.42,2.43,2.42,2.41
0.022,2.41,2.41,2.41,2.41
0.022,2.4,2.42,2.4,2.41
0.022,2.42,2.41,2.41,2.41
0.023,2.41,2.42,2.4,2.41
0.023,2.41,2.4,2.4,2.41
0.023,2.4,2.4,2.42,2.41
0.023,2.42,2.41,2.41,2.41
0.023,2.41,2.39,2.41,2.41
0.024,2.4,2.4,2.4,2.41
0.024,2.4,2.41,2.42,2.41
0.024,2.41,2.41,2.42,2.41
0.024,2.41,2.42,2.39,2.41
0.025,2.41,2.4,2.39,2.41
0.025,2.41,2.42,2.41,2.41
0.025,2.42,2.42,2.43,2.41
0.025,2.41,2.41,2.4,2.41
0.026,2.4,2.39,2.39,2.41
0.026,2.42,2.41,2.41,2.41
0.026,2.42,2.43,2.41,2.41
0.026,2.4,2.41,2.4,2.41
0.026,2.39,2.39,2.4,2.41
0.027,2.42,2.41,2.41,2.41
0.027,2.42,2.43,2.39,2.41
0.027,2.41,2.41,2.4,2.41
0.027,2.4,2.39,2.41,2.41
0.028,2.41,2.42,2.41,2.41
0.028,2.4,2.41,2.4,2.41
0.028,2.4,2.41,2.4,2.41
0.029,2.4,2.41,2.4,2.41
0.029,2.42,2.42,2.41,2.41
0.029,2.4,2.4,2.4,2.41
0.03,2.41,2.41,2.39,2.41
0.03,2.41,2.41,2.42,2.41
0.03,2.43,2.41,2.42,2.41
0.031,2.41,2.41,2.4,2.41
0.031,2.39,2.39,2.39,2.41
0.031,2.41,2.42,2.41,2.41
0.031,2.41,2.42,2.42,2.41
0.032,2.41,2.41,2.4,2.41
0.032,2.41,2.39,2.39,2.41
0.032,2.41,2.41,2.42,2.41
0.032,2.42,2.43,2.43,2.41
0.033,2.41,2.41,2.4,2.41
0.033,2.41,2.39,2.4,2.41
0.033,2.41,2.41,2.42,2.41
0.033,2.41,2.43,2.39,2.41
0.033,2.41,2.4,2.4,2.41
0.034,2.4,2.4,2.42,2.41
0.034,2.42,2.41,2.41,2.41
0.034,2.41,2.42,2.39,2.41
0.034,2.4,2.41,2.4,2.41
0.035,2.41,2.42,2.42,2.41
0.035,2.41,2.41,2.42,2.41
0.035,2.42,2.41,2.4,2.41
0.035,2.41,2.4,2.41,2.41
0.036,2.41,2.41,2.41,2.41
0.036,2.43,2.43,2.41,2.41
0.036,2.4,2.41,2.39,2.41
0.036,2.4,2.4,2.38,2.41
0.036,2.41,2.42,2.42,2.41
0.037,2.41,2.44,2.42,2.41
0.037,2.4,2.41,2.4,2.41
0.037,2.39,2.39,2.41,2.41
0.037,2.41,2.41,2.41,2.41
0.038,2.42,2.43,2.4,2.41
0.038,2.4,2.41,2.4,2.41
0.038,2.4,2.41,2.41,2.41
0.038,2.4,2.41,2.42,2.41
0.039,2.41,2.42,2.4,2.41
0.039,2.4,2.4,2.4,2.41
0.039,2.4,2.4,2.43,2.41
0.039,2.41,2.42,2.41,2.41
0.039,2.4,2.41,2.41,2.41
0.04,2.4,2.41,2.4,2.41
0.04,2.41,2.42,2.41,2.41
0.04,2.41,2.42,2.43,2.41
0.04,2.41,2.41,2.4,2.41
0.04,2.41,2.39,2.4,2.41
0.041,2.42,2.41,2.41,2.41
0.041,2.42,2.43,2.43,2.41
0.041,2.4,2.41,2.4,2.41
0.041,2.39,2.41,2.39,2.41
0.042,2.41,2.41,2.42,2.41
0.042,2.41,2.42,2.43,2.41
0.042,2.41,2.41,2.39,2.41
0.042,2.4,2.41,2.39,2.41
0.042,2.41,2.42,2.41,2.41
0.043,2.42,2.43,2.4,2.41
0.043,2.4,2.41,2.41,2.41
0.043,2.41,2.41,2.4,2.41
0.043,2.42,2.42,2.41,2.41
0.043,2.43,2.41,2.4,2.41
0.044,2.4,2.41,2.4,2.41
0.044,2.41,2.41,2.41,2.41
0.044,2.41,2.42,2.41,2.41
0.044,2.4,2.42,2.41,2.41
0.044,2.4,2.41,2.38,2.41
0.045,2.42,2.41,2.41,2.41
0.045,2.42,2.42,2.42,2.4
0.045,2.4,2.41,2.4,2.41
0.045,2.38,2.4,2.4,2.41
0.045,2.41,2.42,2.4,2.41
0.046,2.42,2.43,2.41,2.41
0.046,2.4,2.41,2.4,2.41
0.046,2.39,2.39,2.4,2.41
0.046,2.41,2.41,2.41,2.41
0.046,2.43,2.42,2.41,2.41
0.047,2.41,2.4,2.4,2.41
0.047,2.39,2.41,2.41,2.41
0.047,2.41,2.42,2.4,2.41
0.047,2.4,2.43,2.4,2.41
0.047,2.4,2.41,2.4,2.41
0.048,2.4,2.39,2.42,2.41
0.048,2.41,2.41,2.41,2.41
0.048,2.4,2.42,2.39,2.41
0.048,2.4,2.41,2.4,2.41
0.049,2.41,2.42,2.41,2.41
0.049,2.41,2.41,2.41,2.41
0.049,2.41,2.4,2.4,2.41
0.049,2.41,2.41,2.38,2.41
0.049,2.4,2.41,2.41,2.41
0.05,2.42,2.42,2.41,2.41
0.05,2.4,2.42,2.39,2.41
0.05,2.4,2.4,2.4,2.41
0.05,2.4,2.41,2.41,2.41
0.05,2.4,2.42,2.42,2.41
0.051,2.41,2.41,2.39,2.41
0.051,2.4,2.4,2.39,2.41
0.051,2.41,2.41,2.41,2.41
0.051,2.42,2.42,2.39,2.41
0.052,2.41,2.41,2.4,2.41
0.052,2.39,2.4,2.42,2.41
0.052,2.41,2.42,2.41,2.41
0.052,2.42,2.41,2.39,2.41
0.052,2.4,2.41,2.4,2.41
0.053,2.42,2.39,2.41,2.41
0.053,2.41,2.41,2.41,2.41
0.053,2.39,2.42,2.4,2.41
0.053,2.4,2.4,2.4,2.41
0.053,2.42,2.41,2.41,2.41
0.054,2.41,2.43,2.41,2.41
0.054,2.4,2.41,2.4,2.41
0.054,2.39,2.4,2.39,2.41
0.054,2.41,2.41,2.41,2.41
0.055,2.44,2.42,2.4,2.41
0.055,2.45,2.44,2.41,2.41
0.055,2.38,2.4,2.4,2.41
0.056,2.38,2.41,2.41,2.41
0.056,2.4,2.41,2.41,2.41
0.056,2.44,2.42,2.4,2.41
0.056,2.45,2.44,2.41,2.41
0.057,2.38,2.4,2.4,2.41
0.057,2.38,2.41,2.41,2.41
0.057,2.4,2.41,2.41,2.41
0.057,2.4,2.41,2.4,2.41
0.063,2.44,2.41,2.37,2.41
0.067,2.46,2.42,2.4,2.41
0.072,2.42,2.43,2.43,2.41
0.076,2.37,2.41,2.41,2.41
0.08,2.38,2.39,2.4,2.41
0.084,2.4,2.41,2.41,2.41
0.088,2.4,2.44,2.4,2.41
0.092,2.43,2.4,2.4,2.41
0.097,2.39,2.4,2.39,2.41
0.1,2.41,2.41,2.42,2.41
0.105,2.41,2.43,2.4,2.41
0.109,2.4,2.4,2.4,2.41
0.113,2.4,2.41,2.4,2.41
0.117,2.44,2.41,2.41,2.41
0.121,2.45,2.42,2.4,2.41
0.129,2.4,2.41,2.39,2.41
0.133,2.41,2.41,2.42,2.41
0.137,2.41,2.42,2.41,2.41
0.141,2.43,2.43,2.39,2.41
0.145,2.39,2.41,2.4,2.41
0.149,2.39,2.4,2.43,2.41
0.154,2.39,2.42,2.41,2.41
0.158,2.41,2.41,2.39,2.41
0.162,2.43,2.39,2.39,2.41
0.166,2.4,2.41,2.41,2.41
0.17,2.4,2.44,2.42,2.41
0.174,2.4,2.41,2.4,2.41
0.178,2.38,2.39,2.39,2.41
0.183,2.41,2.41,2.41,2.41
0.187,2.41,2.43,2.42,2.41
0.195,2.4,2.41,2.4,2.41
0.199,2.47,2.39,2.39,2.41
0.203,2.42,2.41,2.41,2.41
0.207,2.41,2.42,2.4,2.41
0.211,2.39,2.41,2.41,2.41
0.215,2.42,2.41,2.4,2.41
0.219,2.4,2.41,2.42,2.41
0.223,2.43,2.43,2.39,2.41
0.227,2.36,2.4,2.4,2.41
0.232,2.42,2.4,2.45,2.41
0.236,2.38,2.41,2.41,2.41
0.24,2.38,2.42,2.41,2.41
0.244,2.4,2.41,2.41,2.41
0.248,2.41,2.4,2.42,2.41
0.252,2.41,2.43,2.43,2.41
0.256,2.41,2.41,2.39,2.41
0.264,2.41,2.4,2.39,2.41
0.268,2.43,2.41,2.42,2.41
0.272,2.4,2.42,2.42,2.41
0.277,2.41,2.4,2.4,2.41
0.281,2.43,2.39,2.39,2.41
0.285,2.4,2.42,2.41,2.41
0.289,2.42,2.42,2.42,2.41
0.293,2.4,2.4,2.4,2.41
0.297,2.41,2.4,2.4,2.41
0.301,2.4,2.41,2.41,2.41
0.305,2.39,2.41,2.41,2.41
0.309,2.4,2.41,2.39,2.41
0.314,2.41,2.39,2.41,2.41
0.318,2.4,2.41,2.41,2.41
0.322,2.45,2.41,2.39,2.41
0.33,2.41,2.4,2.4,2.41
0.334,2.4,2.39,2.44,2.41
0.338,2.42,2.41,2.4,2.41
0.342,2.42,2.41,2.39,2.41
0.346,2.4,2.4,2.39,2.41
0.35,2.45,2.42,2.4,2.41
0.355,2.38,2.42,2.43,2.41
0.359,2.4,2.41,2.39,2.41
0.363,2.37,2.4,2.4,2.41
0.367,2.39,2.41,2.41,2.41
0.371,2.41,2.41,2.41,2.41
0.375,2.42,2.4,2.39,2.41
0.38,2.38,2.39,2.4,2.41
0.384,2.41,2.4,2.41,2.41
0.388,2.41,2.41,2.41,2.41
0.395,2.43,2.4,2.4,2.41
0.399,2.4,2.39,2.41,2.41
0.403,2.43,2.4,2.41,2.41
0.407,2.39,2.4,2.41,2.41
0.412,2.4,2.4,2.4,2.41
0.416,2.41,2.42,2.42,2.41
0.42,2.43,2.4,2.41,2.41
0.424,2.35,2.41,2.43,2.41
0.428,2.43,2.41,2.4,2.41
0.432,2.42,2.42,2.41,2.41
0.437,2.41,2.42,2.43,2.41
0.441,2.39,2.4,2.4,2.41
0.445,2.39,2.4,2.4,2.41
0.449,2.44,2.39,2.42,2.41
0.453,2.41,2.42,2.43,2.41
0.457,2.39,2.41,2.4,2.41
0.465,2.41,2.39,2.39,2.41
0.469,2.4,2.41,2.41,2.41
0.473,2.4,2.42,2.42,2.41
0.477,2.4,2.4,2.4,2.41
0.482,2.44,2.39,2.41,2.41
0.486,2.43,2.4,2.41,2.41
0.49,2.33,2.4,2.4,2.41
0.494,2.39,2.4,2.4,2.41
0.498,2.4,2.41,2.4,2.41
0.502,2.41,2.4,2.42,2.41
0.506,2.42,2.4,2.41,2.41
0.511,2.42,2.4,2.39,2.41
0.514,2.35,2.41,2.4,2.41
0.518,2.42,2.41,2.41,2.41
0.522,2.4,2.41,2.4,2.41
0.53,2.41,2.39,2.4,2.41
0.534,2.45,2.4,2.41,2.41
0.539,2.42,2.44,2.41,2.41
0.543,2.35,2.41,2.41,2.41
0.547,2.4,2.39,2.4,2.41
0.551,2.39,2.4,2.42,2.41
0.555,2.39,2.41,2.43,2.41
0.559,2.45,2.4,2.39,2.41
0.563,2.33,2.4,2.4,2.41
0.567,2.41,2.41,2.41,2.41
0.572,2.41,2.42,2.42,2.41
0.576,2.45,2.4,2.4,2.41
0.58,2.39,2.41,2.42,2.41
0.584,2.38,2.41,2.41,2.41
0.588,2.43,2.42,2.4,2.41
0.592,2.42,2.4,2.4,2.41
0.6,2.4,2.42,2.4,2.41
0.604,2.39,2.41,2.42,2.41
0.608,2.38,2.45,2.4,2.41
0.612,2.36,2.4,2.41,2.41
0.616,2.37,2.4,2.41,2.41
0.621,2.42,2.41,2.42,2.4
0.625,2.47,2.42,2.39,2.41
0.629,2.43,2.41,2.38,2.41
0.633,2.37,2.41,2.41,2.41
0.637,2.4,2.42,2.41,2.41
0.642,2.39,2.39,2.4,2.41
0.645,2.41,2.39,2.41,2.41
0.65,2.44,2.41,2.41,2.41
0.654,2.41,2.43,2.4,2.41
0.658,2.4,2.41,2.4,2.41
0.666,2.39,2.41,2.39,2.41
0.67,2.41,2.43,2.4,2.41
0.674,2.42,2.4,2.39,2.41
0.678,2.45,2.4,2.4,2.41
0.682,2.39,2.42,2.41,2.41
0.686,2.41,2.41,2.41,2.41
0.69,2.4,2.41,2.39,2.41
0.695,2.38,2.4,2.39,2.41
0.699,2.4,2.41,2.4,2.41
0.703,2.4,2.41,2.41,2.41
0.708,2.38,2.4,2.39,2.41
0.711,2.42,2.41,2.41,2.41
0.715,2.37,2.42,2.42,2.41
0.719,2.42,2.44,2.39,2.41
0.723,2.4,2.4,2.39,2.41
0.731,2.4,2.39,2.39,2.41
0.735,2.44,2.42,2.4,2.41
0.739,2.39,2.43,2.42,2.41
0.743,2.38,2.41,2.4,2.41
0.747,2.39,2.39,2.39,2.41
0.752,2.41,2.4,2.41,2.41
0.756,2.44,2.42,2.42,2.4
0.76,2.39,2.43,2.4,2.41
0.764,2.41,2.4,2.41,2.41
0.768,2.41,2.41,2.41,2.41
0.773,2.41,2.42,2.39,2.41
0.776,2.4,2.41,2.4,2.41
0.78,2.39,2.43,2.41,2.41
0.784,2.41,2.42,2.41,2.41
0.789,2.42,2.41,2.39,2.41
0.793,2.42,2.4,2.4,2.41
0.801,2.38,2.4,2.41,2.41
0.805,2.42,2.4,2.41,2.41
0.809,2.36,2.44,2.39,2.41
0.813,2.43,2.43,2.37,2.41
0.817,2.38,2.41,2.42,2.41
0.821,2.4,2.4,2.43,2.41
0.825,2.44,2.4,2.4,2.41
0.829,2.35,2.39,2.39,2.41
0.834,2.44,2.41,2.4,2.4
0.838,2.41,2.43,2.4,2.41
0.842,2.41,2.42,2.39,2.41
0.846,2.4,2.4,2.41,2.41
0.85,2.44,2.39,2.39,2.41
0.854,2.39,2.4,2.41,2.41
0.859,2.4,2.41,2.39,2.41
0.866,2.42,2.41,2.4,2.41
0.871,2.42,2.42,2.4,2.41
0.875,2.4,2.41,2.41,2.41
0.879,2.42,2.41,2.39,2.41
0.883,2.38,2.45,2.4,2.41
0.887,2.41,2.41,2.4,2.41
0.891,2.4,2.4,2.39,2.41
0.896,2.43,2.4,2.4,2.41
0.9,2.41,2.42,2.41,2.41
0.903,2.39,2.43,2.4,2.41
0.907,2.43,2.41,2.4,2.41
0.912,2.38,2.4,2.39,2.41
0.916,2.41,2.41,2.42,2.41
0.92,2.4,2.42,2.43,2.41
0.924,2.43,2.43,2.4,2.41
0.928,2.4,2.39,2.39,2.41
0.936,2.4,2.41,2.4,2.41
0.94,2.39,2.4,2.41,2.41
0.944,2.39,2.4,2.4,2.41
0.948,2.39,2.42,2.39,2.41
0.952,2.41,2.43,2.41,2.41
0.957,2.41,2.44,2.39,2.41
0.961,2.41,2.42,2.4,2.41
0.965,2.38,2.41,2.41,2.41
0.969,2.43,2.41,2.41,2.41
0.973,2.39,2.4,2.43,2.41
0.977,2.44,2.4,2.39,2.41
0.981,2.38,2.41,2.41,2.41
0.985,2.4,2.41,2.42,2.41
0.989,2.42,2.41,2.4,2.41
0.994,2.4,2.39,2.4,2.41
1.001,2.41,2.4,2.4,2.41
1.005,2.39,2.43,2.41,2.41
1.01,2.4,2.41,2.41,2.41
1.014,2.37,2.39,2.4,2.41
1.018,2.42,2.41,2.39,2.41
1.022,2.44,2.43,2.43,2.41
1.026,2.42,2.41,2.4,2.41
1.03,2.41,2.39,2.4,2.41
1.034,2.4,2.4,2.41,2.41
1.038,2.4,2.43,2.41,2.41
1.043,2.4,2.43,2.39,2.41
1.047,2.42,2.41,2.4,2.41
1.051,2.47,2.42,2.4,2.41
1.055,2.39,2.43,2.42,2.41
1.059,2.39,2.4,2.41,2.41
1.067,2.41,2.39,2.4,2.41
1.071,2.41,2.41,2.4,2.4
1.075,2.4,2.41,2.37,2.41
1.079,2.4,2.42,2.4,2.41
1.083,2.41,2.41,2.41,2.41
1.088,2.4,2.4,2.41,2.41
1.092,2.41,2.41,2.4,2.41
1.096,2.39,2.39,2.4,2.41
1.1,2.43,2.41,2.42,2.41
1.104,2.39,2.42,2.41,2.41
1.108,2.41,2.41,2.39,2.41
1.112,2.45,2.41,2.37,2.41
1.117,2.37,2.43,2.41,2.41
1.121,2.4,2.43,2.42,2.41
1.125,2.39,2.4,2.39,2.41
1.129,2.44,2.41,2.39,2.41
1.136,2.4,2.45,2.39,2.41
1.141,2.39,2.41,2.41,2.41
1.145,2.4,2.4,2.41,2.41
1.149,2.38,2.4,2.39,2.41
1.153,2.46,2.41,2.41,2.41
1.157,2.38,2.42,2.45,2.41
1.161,2.41,2.4,2.4,2.41
1.165,2.39,2.42,2.41,2.41
1.17,2.4,2.43,2.39,2.41
1.174,2.44,2.43,2.39,2.41
1.178,2.4,2.4,2.39,2.41
1.182,2.41,2.41,2.39,2.41
1.186,2.43,2.42,2.41,2.41
1.19,2.44,2.42,2.39,2.41
1.194,2.37,2.41,2.38,2.41
1.202,2.4,2.42,2.4,2.41
1.206,2.41,2.44,2.43,2.41
1.21,2.41,2.42,2.39,2.41
1.215,2.41,2.41,2.38,2.41
1.219,2.42,2.41,2.39,2.41
1.223,2.42,2.44,2.4,2.41
1.227,2.41,2.42,2.39,2.41
1.231,2.39,2.4,2.42,2.41
1.235,2.4,2.4,2.42,2.41
1.239,2.4,2.41,2.4,2.41
1.244,2.42,2.42,2.39,2.41
1.248,2.43,2.42,2.4,2.41
1.251,2.39,2.43,2.4,2.41
1.256,2.39,2.43,2.39,2.41
1.26,2.43,2.41,2.39,2.41
1.264,2.38,2.4,2.41,2.41
1.272,2.46,2.41,2.39,2.41
1.276,2.35,2.44,2.38,2.41
1.28,2.4,2.42,2.37,2.41
1.284,2.39,2.42,2.4,2.41
1.288,2.42,2.4,2.42,2.41
1.293,2.41,2.4,2.39,2.41
1.297,2.39,2.41,2.39,2.41
1.301,2.4,2.42,2.41,2.41
1.305,2.42,2.44,2.4,2.4
1.309,2.41,2.41,2.39,2.41
1.314,2.4,2.4,2.41,2.41
1.318,2.4,2.43,2.42,2.41
1.321,2.46,2.43,2.38,2.41
1.326,2.4,2.44,2.39,2.41
1.329,2.44,2.43,2.4,2.41
1.337,2.39,2.42,2.4,2.41
1.341,2.41,2.42,2.41,2.41
1.346,2.4,2.41,2.39,2.41
1.35,2.37,2.41,2.41,2.41
1.353,2.43,2.44,2.39,2.41
1.358,2.38,2.41,2.41,2.41
1.362,2.39,2.41,2.37,2.41
1.366,2.39,2.42,2.41,2.41
1.37,2.43,2.41,2.43,2.41
1.374,2.41,2.42,2.4,2.41
1.379,2.41,2.43,2.39,2.41
1.383,2.43,2.42,2.4,2.41
1.387,2.43,2.41,2.42,2.41
1.391,2.41,2.41,2.4,2.41
1.395,2.35,2.41,2.41,2.41
1.403,2.45,2.42,2.39,2.41
1.407,2.47,2.42,2.4,2.41
1.411,2.38,2.42,2.39,2.41
1.415,2.4,2.41,2.4,2.41
1.419,2.41,2.43,2.39,2.41
1.423,2.45,2.4,2.4,2.4
1.428,2.43,2.41,2.39,2.41
1.432,2.44,2.41,2.39,2.41
1.436,2.4,2.43,2.41,2.41
1.441,2.41,2.44,2.4,2.41
1.445,2.4,2.41,2.38,2.41
1.448,2.4,2.42,2.41,2.41
1.452,2.41,2.43,2.37,2.41
1.456,2.46,2.4,2.38,2.41
1.46,2.4,2.39,2.42,2.41
1.465,2.38,2.44,2.43,2.41
1.472,2.43,2.44,2.4,2.41
1.477,2.39,2.43,2.38,2.41
1.481,2.44,2.43,2.39,2.41
1.485,2.39,2.41,2.39,2.41
1.489,2.41,2.42,2.4,2.41
1.493,2.37,2.42,2.42,2.41
1.498,2.39,2.41,2.4,2.41
1.502,2.42,2.4,2.38,2.41
1.506,2.42,2.43,2.39,2.41
1.509,2.41,2.45,2.39,2.41
1.514,2.4,2.41,2.39,2.41
1.518,2.41,2.41,2.4,2.41
1.522,2.4,2.42,2.39,2.41
1.526,2.41,2.44,2.39,2.41
1.53,2.41,2.43,2.42,2.41
1.538,2.42,2.45,2.4,2.41
1.542,2.42,2.4,2.39,2.41
1.546,2.4,2.42,2.4,2.41
1.55,2.39,2.49,2.4,2.41
1.554,2.44,2.41,2.39,2.41
1.558,2.41,2.38,2.39,2.41
1.563,2.41,2.39,2.4,2.41
1.567,2.43,2.44,2.42,2.4
1.571,2.42,2.43,2.42,2.41
1.575,2.4,2.41,2.38,2.41
1.579,2.4,2.45,2.38,2.41
1.583,2.4,2.43,2.39,2.41
1.588,2.45,2.42,2.39,2.41
1.592,2.4,2.44,2.39,2.41
1.596,2.4,2.39,2.38,2.41
1.603,2.39,2.41,2.41,2.41
1.607,2.42,2.44,2.36,2.41
1.612,2.4,2.41,2.4,2.41
1.616,2.38,2.43,2.41,2.41
1.62,2.45,2.44,2.42,2.41
1.624,2.4,2.39,2.42,2.41
1.628,2.39,2.38,2.37,2.41
1.633,2.43,2.39,2.39,2.41
1.636,2.43,2.42,2.39,2.41
1.641,2.41,2.43,2.41,2.41
1.645,2.39,2.41,2.39,2.41
1.649,2.46,2.43,2.4,2.41
1.653,2.38,2.43,2.39,2.41
1.657,2.4,2.42,2.4,2.41
1.661,2.41,2.41,2.39,2.41
1.667,2.42,2.46,2.4,2.41
1.673,2.41,2.47,2.41,2.41
1.677,2.41,2.39,2.38,2.41
1.681,2.4,2.39,2.37,2.41
1.685,2.42,2.4,2.41,2.41
1.69,2.44,2.43,2.39,2.41
1.694,2.43,2.48,2.38,2.41
1.698,2.39,2.41,2.43,2.41
1.702,2.4,2.47,2.39,2.41
1.706,2.41,2.37,2.38,2.41
1.711,2.39,2.42,2.37,2.41
1.715,2.41,2.44,2.45,2.41
1.719,2.39,2.43,2.39,2.41
1.723,2.44,2.39,2.37,2.41
1.727,2.41,2.38,2.41,2.41
1.731,2.41,2.41,2.4,2.41
1.738,2.41,2.52,2.42,2.41
1.743,2.41,2.41,2.4,2.41
1.747,2.41,2.38,2.4,2.41
1.751,2.39,2.42,2.39,2.41
1.755,2.43,2.41,2.39,2.41
1.759,2.41,2.47,2.4,2.41
1.763,2.44,2.54,2.49,2.4
1.767,2.45,2.4,2.34,2.41
1.771,2.41,2.38,2.39,2.41
1.776,2.4,2.42,2.37,2.41
1.78,2.39,2.49,2.36,2.41
1.784,2.41,2.51,2.41,2.4
1.788,2.43,2.36,2.39,2.41
1.793,2.41,2.34,2.39,2.41
1.796,2.39,2.41,2.4,2.41
1.804,2.42,2.42,2.4,2.41
1.808,2.43,2.46,2.39,2.4
1.812,2.42,2.42,2.4,2.41
1.817,2.38,2.47,2.42,2.41
1.821,2.43,2.4,2.38,2.41
1.825,2.43,2.54,2.45,2.41
1.829,2.42,2.36,2.37,2.41
1.833,2.41,2.37,2.39,2.41
1.837,2.42,2.42,2.4,2.41
1.842,2.42,2.41,2.4,2.4
1.846,2.39,2.42,2.32,2.41
1.85,2.43,2.47,2.4,2.41
1.854,2.42,2.39,2.38,2.41
1.858,2.41,2.38,2.41,2.41
1.862,2.42,2.46,2.37,2.41
1.866,2.41,2.4,2.38,2.41
1.874,2.46,2.56,2.45,2.4
1.878,2.4,2.45,2.39,2.41
1.882,2.41,2.38,2.37,2.41
1.886,2.4,2.44,2.39,2.41
1.89,2.4,2.47,2.4,2.41
1.894,2.43,2.39,2.46,2.41
1.899,2.41,2.33,2.4,2.41
1.903,2.41,2.45,2.41,2.41
1.907,2.42,2.46,2.35,2.41
1.911,2.46,2.46,2.35,2.41
1.916,2.36,2.4,2.4,2.41
1.919,2.41,2.41,2.42,2.41
1.924,2.44,2.42,2.42,2.41
1.928,2.43,2.42,2.37,2.41
1.931,2.41,2.46,2.39,2.41
1.939,2.41,2.42,2.41,2.41
1.944,2.41,2.44,2.44,2.41
1.948,2.42,2.41,2.29,2.41
1.952,2.4,2.36,2.38,2.41
1.956,2.4,2.42,2.42,2.41
1.96,2.4,2.51,2.4,2.41
1.964,2.46,2.43,2.41,2.4
1.968,2.39,2.41,2.41,2.41
1.973,2.41,2.42,2.36,2.41
1.977,2.43,2.43,2.38,2.41
1.981,2.41,2.46,2.42,2.41
1.986,2.41,2.4,2.44,2.41
1.989,2.4,2.43,2.4,2.41
1.993,2.39,2.37,2.3,2.41
1.997,2.43,2.37,2.4,2.41
2.005,2.4,2.4,2.42,2.41
2.009,2.42,2.44,2.34,2.4
2.013,2.4,2.45,2.36,2.41
2.018,2.4,2.38,2.41,2.41
2.021,2.42,2.41,2.4,2.41
2.026,2.43,2.43,2.43,2.41
2.03,2.4,2.37,2.39,2.41
2.034,2.39,2.5,2.36,2.41
2.038,2.44,2.41,2.42,2.41
2.042,2.38,2.39,2.43,2.41
2.047,2.42,2.48,2.35,2.41
2.052,2.43,2.41,2.43,2.41
2.055,2.43,2.41,2.41,2.41
2.058,2.43,2.35,2.37,2.41
2.063,2.39,2.56,2.47,2.41
2.067,2.45,2.45,2.38,2.41
2.074,2.4,2.35,2.35,2.41
2.079,2.42,2.38,2.38,2.41
2.083,2.41,2.39,2.42,2.41
2.087,2.43,2.51,2.39,2.41
2.091,2.44,2.33,2.33,2.41
2.095,2.4,2.44,2.4,2.41
2.099,2.43,2.49,2.41,2.41
2.103,2.42,2.41,2.41,2.41
2.107,2.41,2.37,2.36,2.41
2.112,2.38,2.41,2.4,2.41
2.116,2.42,2.45,2.39,2.41
2.12,2.44,2.44,2.48,2.4
2.124,2.41,2.38,2.37,2.41
2.128,2.39,2.43,2.4,2.41
2.132,2.46,2.44,2.39,2.41
2.14,2.43,2.37,2.37,2.41
2.144,2.42,2.4,2.39,2.41
2.148,2.41,2.42,2.4,2.41
2.153,2.4,2.36,2.41,2.41
2.157,2.42,2.44,2.37,2.41
2.161,2.44,2.37,2.39,2.41
2.165,2.41,2.42,2.36,2.41
2.169,2.45,2.39,2.42,2.41
2.173,2.41,2.34,2.45,2.41
2.178,2.39,2.44,2.35,2.41
2.181,2.42,2.42,2.4,2.41
2.185,2.39,2.37,2.44,2.41
2.189,2.39,2.45,2.44,2.41
2.193,2.43,2.44,2.38,2.41
2.198,2.4,2.4,2.38,2.41
2.205,2.44,2.44,2.43,2.4
2.209,2.42,2.36,2.42,2.41
2.214,2.39,2.4,2.41,2.41
2.218,2.42,2.44,2.37,2.41
2.222,2.45,2.4,2.39,2.41
2.226,2.39,2.34,2.37,2.41
2.23,2.4,2.46,2.41,2.41
2.235,2.42,2.41,2.43,2.41
2.239,2.44,2.39,2.37,2.41
2.243,2.39,2.45,2.39,2.41
2.247,2.42,2.46,2.36,2.41
2.251,2.44,2.38,2.44,2.41
2.255,2.4,2.36,2.36,2.41
2.259,2.41,2.48,2.39,2.41
2.263,2.43,2.39,2.41,2.41
2.267,2.42,2.41,2.43,2.41
2.275,2.37,2.44,2.34,2.41
2.279,2.47,2.39,2.41,2.41
2.283,2.4,2.4,2.4,2.41
2.287,2.42,2.42,2.43,2.41
2.292,2.38,2.37,2.39,2.41
2.296,2.4,2.39,2.37,2.41
2.3,2.41,2.4,2.4,2.41
2.304,2.41,2.38,2.41,2.41
2.308,2.41,2.41,2.38,2.41
2.312,2.42,2.47,2.31,2.41
2.317,2.43,2.35,2.38,2.41
2.321,2.41,2.45,2.43,2.41
2.325,2.41,2.52,2.38,2.4
2.329,2.44,2.33,2.47,2.41
2.333,2.41,2.36,2.4,2.41
2.34,2.4,2.38,2.42,2.41
2.345,2.45,2.39,2.39,2.41
2.349,2.47,2.39,2.36,2.41
2.353,2.4,2.46,2.39,2.41
2.357,2.43,2.36,2.35,2.41
2.361,2.4,2.3,2.37,2.41
2.366,2.4,2.43,2.38,2.41
2.37,2.41,2.45,2.44,2.41
2.374,2.45,2.38,2.43,2.41
2.378,2.41,2.39,2.36,2.41
2.382,2.38,2.49,2.44,2.4
2.386,2.46,2.4,2.42,2.41
2.39,2.4,2.36,2.34,2.41
2.394,2.41,2.38,2.37,2.41
2.398,2.43,2.43,2.39,2.41
2.406,2.45,2.39,2.45,2.41
2.41,2.42,2.35,2.38,2.41
2.414,2.39,2.42,2.41,2.41
2.419,2.4,2.43,2.42,2.41
2.423,2.39,2.5,2.38,2.41
2.427,2.45,2.35,2.4,2.41
2.431,2.4,2.32,2.37,2.41
2.435,2.41,2.39,2.39,2.41
2.439,2.43,2.44,2.4,2.41
2.444,2.41,2.43,2.39,2.41
2.448,2.44,2.37,2.39,2.41
2.452,2.4,2.48,2.41,2.41
2.456,2.44,2.4,2.46,2.41
2.46,2.41,2.32,2.36,2.41
2.465,2.42,2.39,2.38,2.41
2.468,2.41,2.4,2.38,2.41
2.476,2.42,2.41,2.4,2.41
2.48,2.44,2.41,2.42,2.41
2.484,2.4,2.37,2.38,2.41
2.488,2.4,2.37,2.43,2.41
2.492,2.43,2.41,2.37,2.41
2.497,2.4,2.48,2.35,2.41
2.5,2.43,2.35,2.41,2.41
2.505,2.45,2.37,2.43,2.41
2.509,2.41,2.42,2.42,2.41
2.513,2.4,2.39,2.39,2.41
2.517,2.41,2.48,2.41,2.41
2.522,2.45,2.39,2.38,2.41
2.525,2.41,2.36,2.39,2.41
2.529,2.42,2.39,2.39,2.41
2.534,2.43,2.42,2.39,2.41
2.541,2.4,2.39,2.43,2.4
2.546,2.41,2.4,2.37,2.41
2.55,2.42,2.46,2.4,2.4
2.554,2.41,2.42,2.37,2.41
2.558,2.43,2.38,2.35,2.41
2.562,2.41,2.37,2.37,2.41
2.566,2.42,2.39,2.39,2.41
2.571,2.39,2.43,2.43,2.41
2.575,2.41,2.41,2.38,2.41
2.579,2.37,2.38,2.4,2.41
2.583,2.43,2.39,2.39,2.41
2.587,2.42,2.43,2.41,2.4
2.591,2.42,2.35,2.39,2.41
2.595,2.39,2.36,2.48,2.41
2.599,2.43,2.38,2.39,2.41
2.607,2.42,2.41,2.38,2.41
2.611,2.41,2.39,2.4,2.41
2.615,2.41,2.36,2.4,2.41
2.619,2.41,2.38,2.38,2.41
2.624,2.43,2.4,2.38,2.41
2.628,2.42,2.43,2.45,2.41
2.632,2.44,2.45,2.32,2.41
2.636,2.4,2.38,2.39,2.41
2.64,2.4,2.38,2.37,2.41
2.644,2.4,2.39,2.36,2.41
2.648,2.41,2.42,2.39,2.41
2.653,2.4,2.39,2.43,2.41
2.657,2.39,2.42,2.4,2.41
2.661,2.39,2.47,2.37,2.41
2.664,2.42,2.47,2.39,2.4
2.672,2.42,2.32,2.39,2.41
2.677,2.39,2.34,2.38,2.41
2.68,2.39,2.43,2.39,2.41
2.685,2.47,2.37,2.4,2.41
2.689,2.4,2.4,2.38,2.41
2.693,2.42,2.37,2.37,2.41
2.697,2.42,2.38,2.38,2.41
2.701,2.44,2.45,2.4,2.41
2.705,2.43,2.43,2.43,2.41
2.71,2.4,2.36,2.37,2.41
2.714,2.42,2.39,2.39,2.41
2.718,2.41,2.43,2.47,2.4
2.722,2.45,2.36,2.42,2.41
2.726,2.4,2.38,2.36,2.41
2.73,2.42,2.44,2.35,2.41
2.734,2.39,2.46,2.41,2.41
2.742,2.42,2.34,2.39,2.41
2.746,2.41,2.36,2.37,2.41
2.751,2.43,2.48,2.4,2.4
2.755,2.43,2.42,2.43,2.41
2.759,2.4,2.34,2.31,2.41
2.763,2.39,2.37,2.36,2.41
2.767,2.42,2.36,2.4,2.41
2.771,2.43,2.45,2.41,2.41
2.775,2.42,2.46,2.38,2.41
2.78,2.41,2.38,2.37,2.41
2.784,2.4,2.38,2.39,2.41
2.787,2.43,2.44,2.41,2.41
2.792,2.41,2.38,2.43,2.41
2.796,2.41,2.41,2.35,2.41
2.8,2.46,2.42,2.39,2.41
2.807,2.39,2.34,2.39,2.41
2.812,2.4,2.45,2.4,2.41
2.816,2.39,2.41,2.4,2.41
2.82,2.41,2.39,2.39,2.41
2.824,2.42,2.39,2.39,2.41
2.828,2.41,2.41,2.39,2.41
2.832,2.42,2.39,2.45,2.41
2.837,2.42,2.44,2.38,2.41
2.84,2.4,2.46,2.37,2.41
2.845,2.43,2.3,2.34,2.41
2.849,2.42,2.37,2.4,2.41
2.853,2.41,2.47,2.46,2.41
2.857,2.42,2.39,2.37,2.41
2.861,2.41,2.36,2.35,2.41
2.865,2.42,2.39,2.4,2.41
2.87,2.41,2.46,2.41,2.41
2.877,2.41,2.38,2.45,2.41
2.881,2.41,2.39,2.35,2.41
2.886,2.46,2.45,2.4,2.41
2.89,2.42,2.39,2.4,2.41
2.894,2.4,2.37,2.38,2.41
2.898,2.39,2.41,2.43,2.41
2.902,2.44,2.4,2.37,2.41
2.907,2.4,2.39,2.43,2.41
2.91,2.41,2.4,2.39,2.41
2.914,2.44,2.39,2.39,2.41
2.919,2.43,2.39,2.37,2.41
2.923,2.42,2.39,2.4,2.41
2.927,2.41,2.36,2.38,2.41
2.931,2.4,2.39,2.39,2.41
2.935,2.42,2.49,2.42,2.4
2.943,2.4,2.39,2.39,2.41
2.947,2.42,2.35,2.39,2.41
2.951,2.41,2.43,2.35,2.41
2.955,2.43,2.42,2.42,2.41
2.959,2.41,2.36,2.41,2.41
2.963,2.39,2.42,2.4,2.41
2.968,2.4,2.4,2.39,2.41
2.972,2.42,2.49,2.41,2.4
2.976,2.44,2.4,2.38,2.41
2.98,2.39,2.33,2.37,2.41
2.984,2.41,2.4,2.39,2.41
2.988,2.47,2.39,2.39,2.41
2.992,2.39,2.39,2.38,2.41
2.996,2.37,2.39,2.39,2.41
3,2.4,2.45,2.39,2.41
3.008,2.42,2.36,2.39,2.41
3.012,2.4,2.35,2.37,2.41
3.017,2.39,2.41,2.42,2.41
3.021,2.41,2.53,2.39,2.41
3.025,2.45,2.39,2.41,2.41
3.029,2.42,2.43,2.39,2.41
3.033,2.41,2.37,2.41,2.41
3.037,2.42,2.39,2.39,2.41
3.041,2.44,2.46,2.37,2.41
3.045,2.38,2.37,2.39,2.41
3.05,2.39,2.42,2.44,2.41
3.054,2.44,2.39,2.44,2.4
3.058,2.42,2.38,2.32,2.41
3.062,2.39,2.39,2.37,2.41
3.066,2.4,2.38,2.4,2.41
3.074,2.4,2.4,2.41,2.41
3.078,2.41,2.4,2.41,2.41
3.082,2.4,2.37,2.38,2.41
3.086,2.42,2.41,2.39,2.41
3.09,2.42,2.4,2.41,2.4
3.094,2.41,2.37,2.38,2.41
3.099,2.41,2.47,2.39,2.41
3.103,2.45,2.45,2.39,2.41
3.107,2.43,2.34,2.4,2.41
3.111,2.39,2.38,2.39,2.41
3.115,2.39,2.38,2.39,2.41
3.119,2.42,2.45,2.36,2.41
3.124,2.45,2.39,2.37,2.41
3.127,2.39,2.35,2.39,2.41
3.131,2.4,2.39,2.4,2.41
3.136,2.42,2.42,2.4,2.41
3.143,2.41,2.39,2.39,2.41
3.148,2.4,2.38,2.39,2.41
3.152,2.4,2.46,2.43,2.4
3.156,2.41,2.43,2.44,2.41
3.16,2.41,2.39,2.39,2.41
3.165,2.39,2.39,2.39,2.41
3.168,2.41,2.4,2.39,2.41
3.173,2.44,2.43,2.42,2.4
3.177,2.4,2.4,2.37,2.41
3.181,2.4,2.36,2.35,2.41
3.185,2.42,2.42,2.39,2.41
3.189,2.42,2.42,2.39,2.41
3.193,2.41,2.41,2.38,2.41
3.198,2.39,2.32,2.4,2.41
3.201,2.4,2.4,2.39,2.41
3.209,2.42,2.43,2.33,2.41
3.213,2.41,2.38,2.41,2.41
3.217,2.42,2.37,2.41,2.41
3.221,2.41,2.41,2.4,2.41
3.225,2.41,2.43,2.37,2.41
3.23,2.45,2.39,2.38,2.41
3.234,2.39,2.35,2.43,2.41
3.238,2.41,2.42,2.41,2.41
3.242,2.41,2.42,2.39,2.41
3.246,2.4,2.44,2.4,2.41
3.25,2.43,2.37,2.39,2.41
3.255,2.41,2.39,2.38,2.41
3.259,2.41,2.44,2.4,2.41
3.263,2.44,2.34,2.39,2.41
3.267,2.4,2.36,2.37,2.41
3.275,2.42,2.42,2.38,2.41
3.279,2.41,2.43,2.4,2.41
3.283,2.4,2.53,2.41,2.41
3.287,2.44,2.38,2.33,2.41
3.291,2.41,2.35,2.39,2.41
3.296,2.4,2.38,2.41,2.41
3.299,2.42,2.42,2.41,2.41
3.303,2.42,2.45,2.41,2.4
3.308,2.42,2.38,2.39,2.41
3.312,2.41,2.38,2.37,2.41
3.316,2.43,2.42,2.39,2.4
3.32,2.43,2.45,2.45,2.41
3.325,2.41,2.41,2.41,2.41
3.328,2.4,2.35,2.38,2.41
3.332,2.41,2.42,2.37,2.41
3.336,2.41,2.42,2.39,2.41
3.344,2.42,2.4,2.41,2.41
3.348,2.43,2.39,2.4,2.41
3.352,2.39,2.38,2.39,2.41
3.357,2.42,2.42,2.38,2.41
3.361,2.4,2.41,2.39,2.41
3.365,2.41,2.39,2.39,2.41
3.369,2.39,2.39,2.41,2.41
3.373,2.39,2.46,2.38,2.41
3.377,2.44,2.43,2.38,2.41
3.381,2.39,2.4,2.39,2.41
3.386,2.41,2.38,2.4,2.41
3.39,2.41,2.39,2.39,2.41
3.394,2.38,2.39,2.4,2.41
3.398,2.44,2.39,2.38,2.41
3.402,2.41,2.41,2.43,2.4
3.41,2.42,2.39,2.39,2.41
3.414,2.41,2.39,2.38,2.41
3.418,2.38,2.49,2.38,2.41
3.422,2.43,2.39,2.37,2.41
3.426,2.39,2.34,2.37,2.41
3.43,2.41,2.41,2.37,2.4
3.434,2.42,2.4,2.41,2.41
3.439,2.41,2.41,2.47,2.4
3.443,2.41,2.4,2.37,2.41
3.447,2.39,2.41,2.38,2.41
3.451,2.41,2.45,2.41,2.4
3.455,2.39,2.37,2.41,2.41
3.459,2.42,2.39,2.39,2.41
3.463,2.43,2.38,2.4,2.41
3.467,2.44,2.39,2.4,2.41
3.472,2.4,2.42,2.38,2.41
3.479,2.4,2.39,2.39,2.41
3.484,2.39,2.43,2.42,2.41
3.487,2.43,2.43,2.38,2.41
3.492,2.42,2.45,2.38,2.41
3.496,2.4,2.36,2.37,2.41
3.5,2.42,2.37,2.4,2.41
3.504,2.41,2.46,2.42,2.41
3.508,2.42,2.51,2.39,2.41
3.513,2.39,2.35,2.39,2.41
3.517,2.4,2.39,2.4,2.41
3.521,2.41,2.44,2.42,2.4
3.524,2.41,2.4,2.42,2.41
3.529,2.4,2.35,2.37,2.41
3.533,2.4,2.42,2.41,2.41
3.537,2.42,2.44,2.41,2.41
3.545,2.41,2.38,2.36,2.41
3.549,2.42,2.41,2.39,2.41
3.553,2.42,2.38,2.39,2.41
3.557,2.43,2.46,2.38,2.41
3.561,2.42,2.41,2.4,2.41
3.565,2.42,2.35,2.39,2.41
3.57,2.39,2.46,2.41,2.41
3.574,2.41,2.4,2.39,2.41
3.579,2.41,2.4,2.39,2.41
3.582,2.44,2.36,2.4,2.41
3.586,2.41,2.39,2.4,2.41
3.59,2.41,2.4,2.39,2.41
3.595,2.4,2.4,2.39,2.41
3.599,2.43,2.39,2.42,2.41
3.603,2.4,2.38,2.4,2.41
3.61,2.39,2.4,2.4,2.41
3.614,2.42,2.43,2.41,2.41
3.619,2.41,2.41,2.38,2.41
3.623,2.42,2.4,2.38,2.41
3.627,2.4,2.39,2.39,2.41
3.631,2.4,2.41,2.39,2.41
3.635,2.42,2.42,2.4,2.41
3.64,2.41,2.4,2.41,2.41
3.644,2.4,2.4,2.38,2.41
3.648,2.43,2.39,2.42,2.4
3.652,2.4,2.37,2.4,2.41
3.656,2.4,2.43,2.44,2.4
3.66,2.41,2.43,2.39,2.41
3.664,2.42,2.36,2.38,2.41
3.668,2.4,2.39,2.39,2.41
3.673,2.41,2.41,2.42,2.41
3.68,2.41,2.41,2.4,2.41
3.684,2.41,2.41,2.41,2.41
3.688,2.44,2.44,2.39,2.41
3.692,2.41,2.41,2.39,2.41
3.697,2.4,2.42,2.4,2.41
3.701,2.4,2.41,2.39,2.41
3.705,2.41,2.39,2.4,2.41
3.709,2.41,2.41,2.38,2.41
3.713,2.4,2.4,2.39,2.41
3.717,2.43,2.38,2.4,2.41
3.721,2.4,2.48,2.4,2.41
3.726,2.42,2.4,2.39,2.41
3.73,2.4,2.39,2.44,2.41
3.734,2.42,2.41,2.39,2.41
3.739,2.4,2.36,2.39,2.41
3.746,2.41,2.4,2.39,2.41
3.75,2.4,2.42,2.41,2.41
3.754,2.42,2.42,2.44,2.4
3.758,2.4,2.42,2.38,2.41
3.762,2.39,2.37,2.39,2.41
3.766,2.43,2.41,2.39,2.41
3.77,2.4,2.44,2.42,2.4
3.774,2.42,2.4,2.38,2.41
3.778,2.39,2.38,2.46,2.41
3.782,2.41,2.42,2.39,2.41
3.787,2.41,2.4,2.39,2.41
3.791,2.4,2.39,2.38,2.41
3.795,2.41,2.36,2.4,2.41
3.799,2.41,2.39,2.43,2.41
3.804,2.4,2.42,2.41,2.41
3.811,2.42,2.39,2.39,2.41
3.815,2.39,2.41,2.4,2.41
3.819,2.42,2.45,2.43,2.41
3.823,2.43,2.4,2.43,2.41
3.828,2.4,2.43,2.39,2.41
3.832,2.41,2.37,2.4,2.41
3.836,2.41,2.38,2.39,2.41
3.84,2.41,2.4,2.41,2.41
3.844,2.4,2.4,2.39,2.41
3.848,2.42,2.43,2.39,2.41
3.852,2.42,2.41,2.4,2.41
3.857,2.41,2.39,2.4,2.41
3.861,2.41,2.39,2.4,2.41
3.864,2.41,2.37,2.42,2.41
3.869,2.41,2.42,2.42,2.41
3.873,2.43,2.43,2.38,2.41
3.881,2.39,2.37,2.39,2.41
3.885,2.4,2.45,2.41,2.4
3.889,2.42,2.44,2.39,2.4
3.893,2.41,2.38,2.42,2.41
3.897,2.39,2.38,2.4,2.41
3.902,2.42,2.39,2.4,2.41
3.906,2.42,2.44,2.42,2.4
3.91,2.41,2.42,2.43,2.4
3.914,2.4,2.38,2.4,2.41
3.919,2.41,2.39,2.39,2.41
3.922,2.42,2.41,2.39,2.41
3.926,2.4,2.45,2.39,2.41
3.93,2.42,2.4,2.4,2.41
3.935,2.42,2.38,2.41,2.41
3.939,2.39,2.44,2.39,2.41
3.946,2.4,2.41,2.4,2.41
3.95,2.39,2.43,2.41,2.41
3.955,2.42,2.41,2.41,2.41
3.959,2.4,2.39,2.44,2.41
3.963,2.43,2.4,2.35,2.41
3.967,2.41,2.39,2.41,2.41
3.971,2.41,2.41,2.43,2.41
3.975,2.41,2.4,2.41,2.41
3.979,2.4,2.39,2.39,2.41
3.983,2.4,2.42,2.43,2.41
3.987,2.42,2.47,2.4,2.41
3.992,2.42,2.39,2.4,2.41
3.996,2.4,2.37,2.38,2.41
4,2.41,2.39,2.41,2.41
4.004,2.42,2.43,2.41,2.41
4.008,2.4,2.41,2.44,2.4
4.016,2.4,2.41,2.4,2.41
4.02,2.41,2.41,2.39,2.4
4.024,2.41,2.41,2.41,2.41
4.029,2.41,2.39,2.39,2.41
4.032,2.42,2.42,2.41,2.41
4.036,2.41,2.41,2.41,2.41
4.041,2.43,2.4,2.41,2.4
4.045,2.41,2.38,2.41,2.41
4.049,2.4,2.38,2.43,2.41
4.053,2.42,2.41,2.41,2.41
4.057,2.41,2.41,2.4,2.41
4.061,2.4,2.43,2.37,2.41
4.065,2.42,2.4,2.43,2.41
4.07,2.42,2.42,2.42,2.41
4.074,2.41,2.41,2.39,2.41
4.081,2.4,2.39,2.41,2.41
4.085,2.42,2.41,2.42,2.41
4.09,2.42,2.4,2.41,2.41
4.094,2.41,2.4,2.4,2.41
4.098,2.4,2.39,2.41,2.41
4.102,2.41,2.43,2.43,2.41
4.106,2.41,2.41,2.42,2.41
4.11,2.41,2.41,2.42,2.4
4.115,2.4,2.39,2.4,2.41
4.119,2.41,2.41,2.41,2.4
4.123,2.41,2.41,2.37,2.41
4.127,2.41,2.37,2.4,2.41
4.131,2.42,2.39,2.41,2.41
4.135,2.41,2.41,2.4,2.41
4.139,2.4,2.41,2.41,2.41
4.143,2.4,2.41,2.4,2.41
4.153,2.42,2.42,2.4,2.41
4.155,2.4,2.43,2.42,2.4
4.159,2.4,2.4,2.4,2.41
4.163,2.4,2.39,2.4,2.41
4.167,2.41,2.41,2.41,2.41
4.172,2.41,2.43,2.4,2.41
4.176,2.4,2.41,2.42,2.41
4.18,2.41,2.39,2.4,2.41
4.184,2.43,2.41,2.4,2.41
4.189,2.42,2.43,2.4,2.41
4.192,2.41,2.41,2.41,2.41
4.197,2.4,2.4,2.42,2.41
4.201,2.41,2.41,2.41,2.41
4.205,2.41,2.43,2.39,2.41
4.209,2.4,2.4,2.4,2.41
4.216,2.42,2.4,2.39,2.41
4.221,2.41,2.41,2.42,2.41
4.225,2.39,2.4,2.43,2.41
4.229,2.41,2.4,2.41,2.4
4.233,2.41,2.42,2.39,2.41
4.237,2.4,2.4,2.41,2.41
4.242,2.41,2.41,2.39,2.41
4.245,2.4,2.39,2.38,2.41
4.25,2.42,2.4,2.41,2.41
4.254,2.43,2.41,2.42,2.41
4.258,2.4,2.39,2.4,2.41
4.262,2.39,2.42,2.41,2.41
4.266,2.41,2.41,2.42,2.4
4.27,2.43,2.43,2.41,2.4
4.274,2.41,2.41,2.4,2.41
4.282,2.39,2.4,2.4,2.41
4.286,2.4,2.42,2.41,2.4
4.29,2.43,2.43,2.39,2.41
4.294,2.4,2.41,2.41,2.41
4.299,2.39,2.39,2.41,2.41
4.303,2.41,2.41,2.42,2.41
4.307,2.4,2.43,2.4,2.41
4.311,2.41,2.41,2.4,2.41
4.316,2.39,2.42,2.44,2.41
4.319,2.41,2.4,2.41,2.41
4.324,2.39,2.41,2.4,2.41
4.328,2.41,2.41,2.41,2.41
4.332,2.41,2.41,2.42,2.41
4.336,2.4,2.41,2.42,2.41
4.34,2.41,2.43,2.39,2.41
4.344,2.39,2.4,2.4,2.41
4.352,2.39,2.41,2.42,2.41
4.356,2.41,2.41,2.43,2.41
4.36,2.41,2.4,2.4,2.41
4.364,2.39,2.41,2.42,2.41
4.368,2.42,2.41,2.42,2.41
4.372,2.39,2.44,2.41,2.41
4.377,2.4,2.41,2.4,2.41
4.381,2.4,2.38,2.41,2.41
4.385,2.4,2.41,2.42,2.41
4.389,2.4,2.43,2.4,2.41
4.393,2.41,2.42,2.4,2.4
4.397,2.41,2.41,2.4,2.41
4.401,2.4,2.4,2.42,2.41
4.405,2.39,2.39,2.43,2.41
4.41,2.4,2.43,2.4,2.41
4.417,2.41,2.41,2.4,2.41
4.421,2.41,2.4,2.42,2.41
4.425,2.41,2.45,2.4,2.4
4.43,2.44,2.41,2.39,2.41
4.434,2.4,2.41,2.42,2.41
4.438,2.43,2.42,2.41,2.41
4.443,2.39,2.41,2.4,2.41
4.447,2.4,2.4,2.39,2.41
4.45,2.39,2.41,2.42,2.41
4.455,2.4,2.42,2.41,2.41
4.459,2.4,2.41,2.4,2.41
4.463,2.39,2.41,2.39,2.41
4.467,2.41,2.41,2.4,2.41
4.471,2.43,2.43,2.41,2.41
4.477,2.39,2.43,2.39,2.41
4.48,2.42,2.39,2.41,2.41
4.487,2.41,2.41,2.42,2.41
4.491,2.39,2.42,2.4,2.41
4.495,2.39,2.41,2.4,2.41
4.499,2.39,2.41,2.41,2.41
4.503,2.42,2.42,2.4,2.4
4.508,2.42,2.42,2.4,2.41
4.512,2.4,2.4,2.41,2.41
4.516,2.41,2.39,2.41,2.4
4.52,2.41,2.41,2.4,2.41
4.524,2.41,2.41,2.4,2.41
4.528,2.4,2.41,2.39,2.41
4.532,2.39,2.42,2.41,2.41
4.537,2.42,2.43,2.41,2.41
4.54,2.4,2.4,2.4,2.41
4.545,2.39,2.39,2.39,2.41
4.552,2.44,2.42,2.41,2.4
4.557,2.4,2.42,2.43,2.41
4.561,2.39,2.4,2.4,2.41
4.565,2.39,2.39,2.4,2.41
4.57,2.39,2.41,2.41,2.41
4.573,2.42,2.42,2.4,2.41
4.577,2.42,2.41,2.39,2.41
4.581,2.39,2.43,2.4,2.41
4.586,2.45,2.41,2.4,2.41
4.59,2.39,2.42,2.41,2.41
4.594,2.4,2.41,2.39,2.41
4.598,2.39,2.43,2.39,2.41
4.602,2.44,2.41,2.4,2.41
4.606,2.4,2.41,2.39,2.41
4.61,2.37,2.41,2.4,2.41
4.614,2.39,2.42,2.4,2.41
4.622,2.46,2.43,2.41,2.41
4.626,2.41,2.41,2.4,2.41
4.63,2.36,2.4,2.39,2.41
4.635,2.4,2.41,2.41,2.41
4.638,2.42,2.43,2.41,2.4
4.643,2.43,2.41,2.39,2.41
4.647,2.32,2.4,2.42,2.41
4.651,2.43,2.42,2.41,2.41
4.655,2.43,2.43,2.4,2.41
4.659,2.43,2.41,2.39,2.41
4.663,2.43,2.4,2.41,2.41
4.668,2.41,2.42,2.4,2.41
4.672,2.39,2.43,2.39,2.41
4.676,2.39,2.41,2.4,2.41
4.68,2.36,2.41,2.41,2.41
4.688,2.47,2.41,2.4,2.41
4.692,2.41,2.4,2.42,2.41
4.696,2.43,2.41,2.4,2.41
4.7,2.44,2.42,2.41,2.41
4.704,2.38,2.41,2.4,2.41
4.708,2.39,2.41,2.39,2.41
4.712,2.42,2.39,2.39,2.41
4.717,2.49,2.4,2.41,2.41
4.721,2.45,2.42,2.42,2.41
4.725,2.39,2.42,2.39,2.41
4.729,2.42,2.4,2.39,2.41
4.733,2.36,2.41,2.4,2.41
4.737,2.42,2.44,2.4,2.41
4.741,2.39,2.41,2.4,2.41
4.745,2.39,2.39,2.41,2.41
4.753,2.41,2.41,2.41,2.41
4.757,2.41,2.43,2.41,2.4
4.761,2.42,2.4,2.4,2.41
4.765,2.42,2.42,2.41,2.41
4.77,2.43,2.41,2.4,2.41
4.774,2.38,2.41,2.42,2.41
4.778,2.43,2.41,2.39,2.41
4.782,2.39,2.41,2.41,2.41
4.786,2.41,2.41,2.41,2.41
4.79,2.43,2.41,2.4,2.41
4.795,2.37,2.4,2.4,2.41
4.799,2.35,2.42,2.4,2.41
4.803,2.4,2.43,2.41,2.41
4.807,2.42,2.42,2.4,2.41
4.811,2.38,2.4,2.4,2.41
4.815,2.39,2.41,2.41,2.41
4.823,2.41,2.42,2.42,2.41
4.827,2.4,2.41,2.39,2.41
4.831,2.39,2.39,2.41,2.41
4.835,2.42,2.41,2.41,2.4
4.839,2.42,2.43,2.39,2.41
4.843,2.39,2.41,2.4,2.41
4.848,2.39,2.39,2.4,2.41
4.852,2.37,2.42,2.41,2.41
4.856,2.44,2.44,2.4,2.41
4.86,2.4,2.41,2.4,2.41
4.864,2.39,2.4,2.39,2.41
4.868,2.42,2.41,2.41,2.41
4.872,2.43,2.4,2.42,2.41
4.876,2.4,2.41,2.4,2.41
4.881,2.42,2.41,2.4,2.41
4.888,2.4,2.42,2.4,2.41
4.892,2.39,2.41,2.39,2.41
4.897,2.43,2.41,2.39,2.41
4.901,2.39,2.41,2.41,2.4
4.905,2.42,2.42,2.42,2.41
4.909,2.4,2.41,2.4,2.41
4.913,2.38,2.41,2.4,2.41
4.918,2.36,2.41,2.41,2.4
4.921,2.49,2.42,2.42,2.4
4.925,2.42,2.41,2.4,2.41
4.929,2.39,2.39,2.41,2.41
4.934,2.39,2.41,2.42,2.41
4.938,2.41,2.43,2.4,2.41
4.942,2.39,2.41,2.39,2.41
4.946,2.4,2.4,2.41,2.41
4.95,2.39,2.42,2.41,2.41
4.958,2.41,2.42,2.4,2.41
4.962,2.37,2.41,2.4,2.41
4.966,2.46,2.42,2.4,2.41
4.97,2.38,2.41,2.41,2.41
4.974,2.39,2.43,2.41,2.41
4.979,2.4,2.41,2.4,2.41
4.983,2.42,2.4,2.41,2.41
4.987,2.39,2.42,2.4,2.41
4.991,2.41,2.42,2.4,2.41
4.995,2.43,2.4,2.39,2.41
4.999,2.37,2.41,2.42,2.4
5.004,2.43,2.42,2.42,2.4
5.008,2.38,2.42,2.4,2.41
5.012,2.4,2.41,2.4,2.41
5.016,2.44,2.41,2.41,2.4
5.023,2.39,2.42,2.43,2.41
5.027,2.41,2.42,2.4,2.41
5.031,2.38,2.4,2.4,2.41
5.036,2.41,2.42,2.4,2.41
5.04,2.43,2.42,2.4,2.41
5.044,2.38,2.42,2.39,2.41
5.048,2.39,2.42,2.39,2.41
5.052,2.41,2.41,2.41,2.4
5.056,2.39,2.41,2.4,2.41
5.061,2.4,2.41,2.4,2.41
5.065,2.4,2.41,2.42,2.41
5.069,2.42,2.42,2.4,2.41
5.073,2.41,2.42,2.42,2.41
5.078,2.36,2.41,2.4,2.41
5.081,2.45,2.42,2.41,2.41
5.089,2.43,2.42,2.41,2.4
5.093,2.39,2.41,2.39,2.41
5.097,2.38,2.4,2.39,2.41
5.101,2.43,2.42,2.4,2.4
5.105,2.41,2.44,2.41,2.41
5.109,2.4,2.41,2.4,2.41
5.114,2.36,2.41,2.39,2.41
5.118,2.39,2.42,2.4,2.4
5.122,2.41,2.42,2.41,2.4
5.126,2.38,2.4,2.41,2.41
5.131,2.45,2.4,2.42,2.41
5.134,2.42,2.41,2.4,2.41
5.139,2.39,2.41,2.42,2.41
5.143,2.43,2.4,2.4,2.41
5.147,2.42,2.4,2.4,2.41
5.151,2.39,2.42,2.41,2.41
5.159,2.39,2.41,2.42,2.41
5.163,2.41,2.4,2.41,2.41
5.167,2.41,2.41,2.42,2.41
5.171,2.46,2.42,2.4,2.41
5.175,2.38,2.4,2.4,2.41
5.179,2.39,2.4,2.4,2.41
5.183,2.39,2.42,2.42,2.41
5.187,2.41,2.42,2.4,2.41
5.192,2.4,2.4,2.4,2.41
5.196,2.38,2.4,2.41,2.41
5.2,2.45,2.41,2.42,2.4
5.204,2.41,2.42,2.42,2.41
5.208,2.41,2.41,2.39,2.41
5.213,2.38,2.41,2.39,2.41
5.216,2.43,2.41,2.4,2.41
5.224,2.41,2.43,2.4,2.41
5.228,2.41,2.41,2.39,2.41
5.232,2.43,2.41,2.39,2.41
5.236,2.39,2.41,2.41,2.41
5.241,2.43,2.41,2.41,2.41
5.245,2.42,2.42,2.39,2.41
5.249,2.39,2.39,2.4,2.41
5.253,2.44,2.41,2.4,2.4
5.257,2.39,2.41,2.4,2.41
5.261,2.39,2.42,2.4,2.41
5.265,2.4,2.4,2.41,2.41
5.269,2.39,2.42,2.4,2.41
5.274,2.42,2.42,2.4,2.41
5.278,2.4,2.4,2.4,2.41
5.282,2.44,2.41,2.41,2.41
5.286,2.4,2.44,2.41,2.41
5.294,2.4,2.41,2.4,2.41
5.298,2.4,2.41,2.39,2.41
5.302,2.42,2.41,2.41,2.4
5.306,2.42,2.43,2.41,2.41
5.31,2.42,2.41,2.4,2.41
5.314,2.39,2.4,2.42,2.41
5.319,2.44,2.41,2.41,2.41
5.323,2.41,2.42,2.43,2.4
5.327,2.37,2.41,2.4,2.41
5.331,2.44,2.4,2.44,2.41
5.336,2.41,2.41,2.41,2.41
5.339,2.41,2.43,2.39,2.41
5.343,2.39,2.4,2.4,2.41
5.347,2.39,2.41,2.4,2.41
5.351,2.41,2.42,2.41,2.41
5.359,2.44,2.41,2.4,2.41
5.363,2.39,2.41,2.4,2.41
5.368,2.43,2.41,2.41,2.41
5.372,2.41,2.42,2.41,2.4
5.376,2.39,2.41,2.41,2.41
5.38,2.39,2.41,2.4,2.41
5.384,2.41,2.41,2.41,2.41
5.388,2.41,2.43,2.43,2.4
5.392,2.4,2.4,2.4,2.41
5.396,2.43,2.39,2.39,2.41
5.401,2.4,2.41,2.42,2.41
5.405,2.41,2.42,2.41,2.4
5.409,2.4,2.41,2.41,2.41
5.413,2.38,2.42,2.4,2.41
5.417,2.38,2.42,2.42,2.4
5.421,2.43,2.43,2.42,2.41
5.429,2.43,2.41,2.4,2.41
5.433,2.4,2.41,2.39,2.41
5.437,2.42,2.42,2.41,2.4
5.441,2.4,2.4,2.39,2.41
5.445,2.4,2.41,2.4,2.41
5.45,2.47,2.4,2.43,2.41
5.454,2.39,2.41,2.42,2.41
5.458,2.4,2.41,2.41,2.41
5.462,2.39,2.4,2.4,2.41
5.466,2.41,2.41,2.41,2.4
5.47,2.44,2.42,2.43,2.41
5.475,2.43,2.41,2.4,2.41
5.479,2.4,2.4,2.4,2.41
5.483,2.41,2.42,2.41,2.4
5.487,2.4,2.43,2.43,2.4
5.494,2.39,2.41,2.41,2.41
5.499,2.38,2.41,2.39,2.41
5.503,2.4,2.42,2.41,2.41
5.507,2.44,2.43,2.41,2.41
5.511,2.39,2.41,2.4,2.41
5.515,2.4,2.41,2.4,2.41
5.519,2.41,2.42,2.4,2.4
5.524,2.4,2.43,2.4,2.41
5.528,2.4,2.42,2.4,2.41
5.532,2.42,2.42,2.4,2.41
5.536,2.42,2.42,2.41,2.4
5.54,2.41,2.42,2.4,2.41
5.544,2.4,2.41,2.4,2.41
5.548,2.4,2.42,2.42,2.41
5.552,2.42,2.41,2.41,2.4
5.556,2.4,2.42,2.4,2.41
5.564,2.4,2.4,2.4,2.41
5.568,2.41,2.42,2.41,2.41
5.572,2.42,2.44,2.42,2.41
5.576,2.41,2.42,2.4,2.41
5.581,2.39,2.4,2.4,2.41
5.585,2.42,2.42,2.41,2.4
5.589,2.43,2.44,2.42,2.4
5.593,2.41,2.42,2.39,2.41
5.598,2.4,2.4,2.4,2.41
5.601,2.41,2.42,2.41,2.41
5.606,2.41,2.43,2.39,2.41
5.609,2.42,2.41,2.4,2.41
5.614,2.43,2.41,2.41,2.41
5.618,2.4,2.42,2.41,2.41
5.622,2.41,2.42,2.42,2.41
5.629,2.39,2.42,2.4,2.41
5.634,2.4,2.4,2.42,2.41
5.638,2.42,2.42,2.41,2.4
5.642,2.42,2.41,2.39,2.41
5.646,2.4,2.41,2.39,2.41
5.65,2.41,2.42,2.42,2.41
5.654,2.42,2.42,2.42,2.41
5.659,2.4,2.43,2.4,2.41
5.663,2.41,2.41,2.39,2.41
5.667,2.41,2.42,2.41,2.41
5.671,2.41,2.44,2.43,2.4
5.675,2.41,2.41,2.41,2.41
5.679,2.41,2.4,2.4,2.41
5.683,2.41,2.43,2.41,2.41
5.687,2.42,2.45,2.41,2.41
5.691,2.41,2.42,2.4,2.41
5.699,2.39,2.4,2.43,2.41
5.703,2.42,2.43,2.41,2.41
5.708,2.42,2.42,2.4,2.41
5.712,2.4,2.41,2.4,2.41
5.716,2.42,2.41,2.43,2.41
5.72,2.41,2.43,2.41,2.41
5.724,2.42,2.43,2.41,2.41
5.728,2.41,2.41,2.4,2.41
5.732,2.44,2.41,2.43,2.4
5.736,2.41,2.43,2.42,2.4
5.74,2.4,2.43,2.4,2.41
5.745,2.4,2.41,2.38,2.41
5.749,2.41,2.43,2.41,2.41
5.753,2.41,2.45,2.41,2.41
5.757,2.41,2.42,2.41,2.41
5.765,2.4,2.4,2.4,2.41
5.769,2.42,2.42,2.41,2.41
5.773,2.42,2.44,2.41,2.41
5.777,2.41,2.42,2.4,2.41
5.781,2.4,2.41,2.39,2.41
5.786,2.41,2.42,2.41,2.41
5.789,2.42,2.44,2.4,2.41
5.794,2.4,2.42,2.4,2.41
5.798,2.41,2.39,2.41,2.41
5.802,2.41,2.43,2.41,2.4
5.806,2.41,2.44,2.39,2.41
5.811,2.4,2.42,2.41,2.41
5.815,2.39,2.42,2.42,2.41
5.819,2.42,2.42,2.41,2.4
5.823,2.42,2.42,2.43,2.41
5.827,2.4,2.42,2.4,2.41
5.834,2.4,2.42,2.42,2.41
5.839,2.4,2.44,2.42,2.4
5.843,2.41,2.42,2.4,2.41
5.847,2.39,2.4,2.4,2.41
5.851,2.41,2.42,2.41,2.41
5.855,2.42,2.45,2.42,2.4
5.86,2.4,2.42,2.41,2.41
5.863,2.39,2.42,2.39,2.41
5.868,2.41,2.42,2.41,2.41
5.872,2.42,2.45,2.42,2.41
5.876,2.4,2.43,2.41,2.41
5.88,2.39,2.4,2.42,2.41
5.884,2.4,2.42,2.42,2.41
5.888,2.41,2.42,2.43,2.41
5.892,2.41,2.41,2.4,2.41
5.9,2.39,2.41,2.41,2.41
5.904,2.41,2.43,2.42,2.41
5.908,2.4,2.43,2.42,2.41
5.913,2.4,2.41,2.4,2.41
5.917,2.41,2.42,2.41,2.41
5.921,2.41,2.42,2.42,2.41
5.925,2.41,2.41,2.4,2.41
5.929,2.4,2.42,2.41,2.41
5.933,2.4,2.42,2.43,2.41
5.937,2.43,2.43,2.43,2.4
5.941,2.41,2.42,2.4,2.41
5.946,2.39,2.41,2.4,2.41
5.95,2.41,2.42,2.41,2.4
5.954,2.42,2.45,2.43,2.41
5.958,2.4,2.42,2.4,2.41
5.962,2.39,2.4,2.39,2.41
5.969,2.41,2.42,2.42,2.41
5.974,2.41,2.44,2.42,2.41
5.978,2.4,2.42,2.41,2.41
5.982,2.4,2.41,2.41,2.41
5.986,2.41,2.42,2.42,2.4
5.99,2.4,2.43,2.4,2.41
5.994,2.4,2.42,2.4,2.41
5.999,2.39,2.42,2.41,2.41
6.003,2.42,2.42,2.41,2.41
6.007,2.41,2.41,2.4,2.41
6.012,2.4,2.41,2.4,2.41
6.015,2.42,2.4,2.41,2.41
6.019,2.41,2.42,2.42,2.41
6.023,2.4,2.41,2.41,2.41
6.027,2.39,2.41,2.39,2.41
6.035,2.4,2.42,2.42,2.41
6.039,2.4,2.43,2.42,2.4
6.043,2.4,2.41,2.41,2.41
6.047,2.4,2.4,2.4,2.41
6.052,2.41,2.41,2.42,2.41
6.056,2.41,2.43,2.43,2.41
6.06,2.4,2.41,2.41,2.41
6.064,2.4,2.4,2.4,2.41
6.069,2.41,2.42,2.42,2.4
6.072,2.42,2.41,2.44,2.41
6.076,2.4,2.41,2.41,2.41
6.08,2.41,2.42,2.41,2.41
6.084,2.41,2.42,2.42,2.41
6.089,2.41,2.42,2.4,2.41
6.093,2.39,2.41,2.41,2.41
6.097,2.41,2.43,2.43,2.41
6.105,2.41,2.42,2.42,2.4
6.109,2.39,2.42,2.41,2.41
6.113,2.39,2.42,2.4,2.41
6.117,2.4,2.43,2.43,2.41
6.121,2.42,2.41,2.42,2.41
6.125,2.4,2.42,2.41,2.41
6.129,2.38,2.42,2.4,2.41
6.133,2.4,2.42,2.42,2.41
6.139,2.4,2.44,2.43,2.41
6.142,2.41,2.41,2.4,2.41
6.146,2.39,2.39,2.41,2.41
6.15,2.41,2.42,2.42,2.41
6.154,2.42,2.43,2.42,2.4
6.158,2.4,2.41,2.41,2.41
6.163,2.38,2.41,2.41,2.41
6.166,2.4,2.41,2.42,2.41
6.174,2.41,2.43,2.4,2.41
6.178,2.39,2.41,2.41,2.41
6.183,2.39,2.41,2.41,2.41
6.187,2.41,2.42,2.41,2.41
6.191,2.43,2.42,2.42,2.41
6.195,2.4,2.41,2.41,2.41
6.199,2.4,2.41,2.41,2.41
6.203,2.41,2.42,2.41,2.4
6.207,2.41,2.43,2.4,2.41
6.212,2.39,2.41,2.4,2.41
6.216,2.41,2.42,2.42,2.41
6.22,2.4,2.44,2.43,2.41
6.224,2.4,2.41,2.4,2.41
6.228,2.39,2.4,2.4,2.41
6.233,2.41,2.42,2.42,2.41
6.24,2.42,2.44,2.43,2.41
6.244,2.39,2.41,2.41,2.41
6.248,2.38,2.39,2.41,2.41
6.252,2.41,2.41,2.42,2.41
6.256,2.42,2.42,2.42,2.41
6.261,2.4,2.41,2.41,2.41
6.265,2.4,2.4,2.42,2.41
6.269,2.41,2.41,2.43,2.41
6.273,2.41,2.43,2.39,2.41
6.277,2.41,2.41,2.4,2.41
6.281,2.4,2.43,2.4,2.41
6.285,2.4,2.42,2.42,2.41
6.289,2.4,2.42,2.41,2.41
6.294,2.4,2.41,2.41,2.41
6.297,2.4,2.41,2.42,2.41
6.302,2.41,2.42,2.41,2.4
6.309,2.39,2.41,2.4,2.41
6.314,2.38,2.41,2.39,2.41
6.318,2.4,2.41,2.42,2.4
6.322,2.41,2.42,2.42,2.41
6.327,2.4,2.42,2.41,2.41
6.33,2.4,2.39,2.39,2.41
6.334,2.41,2.42,2.42,2.41
6.339,2.41,2.44,2.42,2.4
6.343,2.4,2.41,2.4,2.41
6.347,2.37,2.41,2.41,2.41
6.351,2.41,2.42,2.42,2.4
6.355,2.4,2.42,2.42,2.4
6.36,2.41,2.41,2.4,2.41
6.363,2.4,2.41,2.41,2.41
6.367,2.4,2.42,2.42,2.41
6.375,2.41,2.42,2.39,2.41
6.379,2.4,2.41,2.41,2.41
6.383,2.4,2.4,2.42,2.41
6.388,2.41,2.42,2.42,2.41
6.391,2.41,2.41,2.39,2.41
6.396,2.4,2.41,2.41,2.41
6.4,2.41,2.4,2.43,2.41
6.404,2.41,2.42,2.42,2.41
6.408,2.4,2.41,2.41,2.41
6.412,2.41,2.39,2.4,2.41
6.416,2.41,2.41,2.42,2.41
6.421,2.42,2.43,2.42,2.41
6.425,2.39,2.42,2.4,2.41
6.429,2.39,2.4,2.4,2.41
6.433,2.41,2.42,2.42,2.41
6.437,2.42,2.43,2.41,2.41
6.445,2.4,2.41,2.41,2.41
6.449,2.4,2.41,2.4,2.41
6.453,2.4,2.42,2.42,2.41
6.457,2.44,2.42,2.4,2.41
6.461,2.4,2.42,2.4,2.41
6.466,2.4,2.39,2.4,2.41
6.47,2.4,2.42,2.43,2.41
6.474,2.39,2.43,2.41,2.41
6.478,2.4,2.41,2.41,2.41
6.482,2.42,2.42,2.42,2.41
6.486,2.4,2.42,2.42,2.4
6.49,2.4,2.41,2.41,2.4
6.494,2.41,2.4,2.4,2.41
6.499,2.41,2.41,2.42,2.41
6.503,2.42,2.45,2.43,2.41
6.51,2.4,2.41,2.41,2.41
6.514,2.39,2.4,2.4,2.41
6.518,2.41,2.41,2.43,2.41
6.522,2.41,2.43,2.43,2.41
6.527,2.4,2.41,2.4,2.41
6.531,2.4,2.39,2.4,2.41
6.535,2.41,2.41,2.43,2.4
6.539,2.41,2.42,2.43,2.41
6.543,2.4,2.4,2.41,2.41
6.547,2.39,2.4,2.41,2.41
6.552,2.4,2.42,2.42,2.41
6.556,2.41,2.41,2.41,2.41
6.56,2.4,2.4,2.4,2.41
6.564,2.4,2.39,2.43,2.41
6.568,2.4,2.41,2.42,2.4
6.572,2.4,2.42,2.43,2.41
6.58,2.39,2.41,2.41,2.41
6.584,2.4,2.4,2.42,2.41
6.588,2.41,2.41,2.43,2.41
6.592,2.39,2.41,2.41,2.41
6.596,2.39,2.4,2.4,2.41
6.601,2.4,2.42,2.42,2.41
6.605,2.41,2.43,2.43,2.4
6.609,2.39,2.41,2.42,2.41
6.613,2.39,2.39,2.4,2.41
6.617,2.4,2.42,2.42,2.41
6.621,2.42,2.43,2.43,2.41
6.625,2.39,2.41,2.41,2.41
6.629,2.39,2.4,2.4,2.41
6.633,2.4,2.42,2.42,2.41
6.638,2.41,2.43,2.4,2.4
6.645,2.39,2.42,2.4,2.41
6.649,2.4,2.42,2.42,2.41
6.653,2.4,2.41,2.42,2.41
6.658,2.4,2.42,2.41,2.41
6.662,2.4,2.41,2.41,2.41
6.666,2.39,2.4,2.43,2.41
6.67,2.41,2.41,2.42,2.41
6.674,2.4,2.42,2.4,2.41
6.679,2.4,2.4,2.41,2.41
6.683,2.4,2.41,2.42,2.41
6.687,2.42,2.43,2.42,2.4
6.691,2.4,2.41,2.4,2.41
6.695,2.39,2.39,2.39,2.41
6.699,2.4,2.42,2.42,2.41
6.703,2.41,2.42,2.43,2.41
6.707,2.4,2.41,2.41,2.41
6.715,2.4,2.4,2.41,2.41
6.719,2.41,2.41,2.41,2.4
6.723,2.42,2.43,2.42,2.41
6.727,2.4,2.41,2.41,2.41
6.732,2.39,2.41,2.42,2.41
6.736,2.41,2.41,2.42,2.41
6.74,2.4,2.41,2.42,2.41
6.744,2.4,2.4,2.4,2.41
6.748,2.4,2.42,2.4,2.41
6.753,2.4,2.42,2.42,2.4
6.756,2.4,2.43,2.4,2.41
6.76,2.39,2.41,2.41,2.41
6.765,2.39,2.42,2.42,2.41
6.769,2.41,2.41,2.42,2.4
6.773,2.39,2.42,2.41,2.41
6.781,2.39,2.41,2.4,2.41
6.785,2.4,2.41,2.42,2.4
6.789,2.42,2.43,2.44,2.41
6.793,2.4,2.41,2.4,2.41
6.797,2.39,2.39,2.41,2.41
6.801,2.4,2.41,2.42,2.4
6.806,2.41,2.42,2.44,2.41
6.809,2.4,2.41,2.4,2.41
6.813,2.39,2.4,2.4,2.41
6.818,2.41,2.41,2.42,2.4
6.822,2.41,2.43,2.42,2.41
6.826,2.4,2.41,2.4,2.41
6.83,2.4,2.41,2.4,2.41
6.834,2.41,2.41,2.42,2.41
6.838,2.39,2.4,2.41,2.41
6.846,2.4,2.41,2.4,2.41
6.85,2.39,2.39,2.41,2.41
6.854,2.41,2.41,2.42,2.41
6.859,2.39,2.41,2.41,2.41
6.863,2.4,2.41,2.4,2.41
6.867,2.4,2.41,2.42,2.41
6.871,2.4,2.42,2.42,2.4
6.875,2.4,2.41,2.41,2.4
6.879,2.41,2.39,2.4,2.41
6.883,2.41,2.41,2.42,2.41
6.887,2.41,2.44,2.43,2.41
6.892,2.4,2.41,2.4,2.41
6.896,2.4,2.39,2.41,2.41
6.901,2.4,2.41,2.43,2.41
6.904,2.4,2.43,2.45,2.41
6.908,2.4,2.41,2.4,2.41
6.916,2.39,2.39,2.42,2.41
6.92,2.4,2.41,2.43,2.41
6.924,2.41,2.42,2.42,2.41
6.928,2.4,2.41,2.41,2.41
6.932,2.41,2.39,2.41,2.41
6.936,2.41,2.41,2.43,2.41
6.94,2.41,2.4,2.39,2.41
6.945,2.4,2.41,2.4,2.41
6.949,2.41,2.4,2.44,2.41
6.953,2.41,2.41,2.42,2.41
6.957,2.42,2.4,2.41,2.41
6.961,2.4,2.4,2.41,2.41
6.966,2.4,2.41,2.42,2.41
6.969,2.4,2.44,2.43,2.41
6.973,2.4,2.41,2.41,2.41
6.981,2.39,2.39,2.41,2.41
6.985,2.4,2.42,2.42,2.4
6.989,2.42,2.42,2.42,2.4
6.993,2.4,2.41,2.41,2.41
6.998,2.39,2.39,2.4,2.41
7.002,2.41,2.41,2.42,2.41
7.006,2.42,2.45,2.41,2.41
7.01,2.39,2.41,2.41,2.41
7.014,2.39,2.41,2.41,2.41
7.019,2.4,2.41,2.43,2.4
7.023,2.42,2.42,2.4,2.41
7.027,2.4,2.41,2.41,2.41
7.03,2.42,2.39,2.41,2.41
7.034,2.41,2.42,2.42,2.41
7.039,2.4,2.41,2.42,2.41
7.043,2.4,2.41,2.41,2.41
7.051,2.4,2.39,2.43,2.41
7.055,2.41,2.41,2.42,2.41
7.059,2.4,2.41,2.41,2.41
7.063,2.4,2.4,2.39,2.41
7.067,2.41,2.41,2.42,2.41
7.071,2.42,2.43,2.43,2.41
7.075,2.4,2.4,2.41,2.41
7.08,2.4,2.39,2.4,2.41
7.084,2.41,2.41,2.42,2.41
7.088,2.43,2.43,2.43,2.41
7.093,2.39,2.41,2.41,2.41
7.096,2.38,2.39,2.42,2.41
7.101,2.4,2.41,2.42,2.41
7.104,2.41,2.42,2.43,2.41
7.109,2.4,2.41,2.4,2.41
7.116,2.4,2.41,2.41,2.41
7.12,2.4,2.42,2.42,2.41
7.125,2.39,2.42,2.43,2.41
7.129,2.4,2.41,2.41,2.41
7.133,2.39,2.4,2.44,2.41
7.137,2.41,2.41,2.42,2.41
7.141,2.41,2.42,2.4,2.41
7.145,2.4,2.41,2.4,2.41
7.149,2.41,2.43,2.42,2.41
7.153,2.4,2.42,2.42,2.41
7.158,2.4,2.4,2.41,2.41
7.162,2.4,2.4,2.4,2.41
7.166,2.4,2.41,2.42,2.41
7.17,2.41,2.42,2.44,2.4
7.174,2.39,2.42,2.4,2.41
7.178,2.39,2.4,2.4,2.41
7.186,2.41,2.42,2.43,2.4
7.19,2.4,2.43,2.44,2.41
7.194,2.4,2.4,2.41,2.41
7.198,2.39,2.4,2.42,2.41
7.203,2.41,2.42,2.42,2.41
7.207,2.41,2.41,2.42,2.41
7.211,2.4,2.4,2.41,2.41
7.215,2.39,2.41,2.42,2.41
7.22,2.4,2.42,2.42,2.4
7.223,2.38,2.42,2.42,2.41
7.228,2.4,2.4,2.41,2.41
7.232,2.41,2.42,2.42,2.41
7.236,2.41,2.41,2.43,2.4
7.239,2.4,2.42,2.4,2.41
7.243,2.4,2.4,2.41,2.41
7.248,2.4,2.41,2.43,2.41
7.256,2.41,2.42,2.43,2.41
7.26,2.4,2.41,2.41,2.4
7.264,2.39,2.4,2.4,2.41
7.268,2.41,2.41,2.42,2.41
7.272,2.4,2.43,2.42,2.4
7.277,2.4,2.41,2.41,2.41
7.28,2.4,2.39,2.39,2.41
7.285,2.41,2.41,2.42,2.41
7.289,2.41,2.44,2.43,2.41
7.293,2.39,2.41,2.41,2.41
7.297,2.38,2.4,2.4,2.41
7.301,2.4,2.41,2.43,2.41
7.305,2.41,2.42,2.4,2.41
7.309,2.4,2.41,2.4,2.41
7.315,2.4,2.41,2.42,2.41
7.321,2.41,2.41,2.42,2.41
7.325,2.4,2.42,2.4,2.41
7.329,2.4,2.4,2.4,2.41
7.334,2.42,2.41,2.42,2.41
7.338,2.41,2.41,2.42,2.41
7.342,2.4,2.4,2.41,2.41
7.346,2.41,2.41,2.39,2.41
7.35,2.4,2.41,2.42,2.41
7.354,2.42,2.42,2.43,2.4
7.358,2.4,2.41,2.4,2.41
7.363,2.39,2.4,2.4,2.41
7.367,2.4,2.42,2.43,2.41
7.371,2.42,2.42,2.44,2.41
7.375,2.4,2.41,2.41,2.41
7.379,2.4,2.39,2.39,2.41
7.383,2.4,2.42,2.43,2.4
7.391,2.41,2.42,2.43,2.4
7.395,2.41,2.4,2.41,2.41
7.399,2.4,2.41,2.4,2.41
7.403,2.4,2.42,2.43,2.41
7.408,2.4,2.42,2.43,2.41
7.412,2.4,2.4,2.41,2.41
7.416,2.4,2.41,2.42,2.41
7.42,2.4,2.42,2.43,2.41
7.424,2.4,2.41,2.41,2.41
7.428,2.4,2.41,2.4,2.41
7.432,2.41,2.41,2.42,2.41
7.436,2.41,2.42,2.43,2.41
7.441,2.4,2.42,2.41,2.41
7.444,2.39,2.41,2.4,2.41
7.448,2.41,2.42,2.42,2.41
7.456,2.41,2.43,2.42,2.41
7.46,2.4,2.41,2.41,2.41
7.464,2.39,2.39,2.41,2.41
7.469,2.4,2.41,2.42,2.4
7.473,2.41,2.43,2.42,2.4
7.477,2.4,2.41,2.41,2.41
7.481,2.39,2.4,2.41,2.41
7.485,2.41,2.42,2.42,2.4
7.489,2.41,2.42,2.42,2.41
7.493,2.4,2.4,2.41,2.41
7.498,2.41,2.41,2.41,2.41
7.502,2.41,2.41,2.42,2.41
7.507,2.4,2.4,2.41,2.41
7.51,2.4,2.4,2.4,2.41
7.514,2.4,2.41,2.42,2.41
7.518,2.4,2.42,2.42,2.41
7.526,2.4,2.4,2.41,2.4
7.53,2.39,2.4,2.42,2.41
7.534,2.4,2.4,2.43,2.41
7.538,2.42,2.43,2.43,2.41
7.543,2.4,2.4,2.41,2.41
7.547,2.39,2.39,2.4,2.41
7.551,2.41,2.41,2.43,2.41
7.555,2.42,2.41,2.44,2.41
7.559,2.4,2.41,2.41,2.41
7.563,2.39,2.38,2.42,2.41
7.567,2.4,2.41,2.43,2.41
7.571,2.41,2.42,2.41,2.41
7.575,2.4,2.41,2.41,2.41
7.579,2.4,2.39,2.41,2.41
7.584,2.41,2.42,2.42,2.41
7.591,2.4,2.42,2.41,2.41
7.596,2.4,2.4,2.41,2.4
7.6,2.39,2.4,2.43,2.41
7.604,2.41,2.41,2.42,2.4
7.608,2.38,2.43,2.44,2.41
7.612,2.39,2.41,2.41,2.41
7.616,2.42,2.4,2.42,2.41
7.62,2.41,2.42,2.42,2.4
7.624,2.42,2.42,2.41,2.41
7.629,2.39,2.4,2.41,2.41
7.634,2.4,2.41,2.43,2.41
7.637,2.42,2.42,2.42,2.41
7.641,2.41,2.41,2.41,2.41
7.645,2.4,2.39,2.42,2.41
7.649,2.4,2.41,2.42,2.4
7.653,2.41,2.42,2.43,2.4
7.661,2.4,2.4,2.41,2.41
7.665,2.39,2.39,2.41,2.41
7.669,2.41,2.41,2.43,2.4
7.673,2.42,2.4,2.42,2.41
7.678,2.4,2.41,2.4,2.41
7.682,2.4,2.4,2.4,2.41
7.686,2.41,2.42,2.42,2.41
7.69,2.4,2.42,2.4,2.41
7.694,2.4,2.41,2.4,2.41
7.699,2.41,2.4,2.43,2.41
7.703,2.41,2.41,2.41,2.4
7.707,2.39,2.42,2.43,2.41
7.711,2.4,2.41,2.4,2.41
7.715,2.42,2.41,2.42,2.41
7.719,2.41,2.41,2.44,2.41
7.726,2.41,2.41,2.41,2.41
7.731,2.4,2.39,2.39,2.41
7.735,2.4,2.41,2.43,2.41
7.739,2.42,2.42,2.41,2.41
7.743,2.4,2.41,2.41,2.41
7.747,2.39,2.41,2.39,2.41
7.751,2.4,2.41,2.43,2.41
7.755,2.42,2.42,2.43,2.41
7.76,2.4,2.4,2.41,2.41
7.764,2.39,2.39,2.42,2.41
7.768,2.41,2.41,2.43,2.41
7.772,2.4,2.4,2.42,2.41
7.776,2.41,2.4,2.41,2.41
7.78,2.4,2.41,2.41,2.41
7.785,2.41,2.41,2.42,2.4
7.789,2.39,2.42,2.42,2.41
7.796,2.4,2.41,2.41,2.41
7.8,2.4,2.42,2.44,2.41
7.804,2.41,2.42,2.42,2.41
7.809,2.4,2.42,2.42,2.41
7.813,2.4,2.4,2.41,2.41
7.817,2.4,2.41,2.43,2.41
7.821,2.42,2.42,2.43,2.41
7.825,2.4,2.41,2.4,2.41
7.83,2.39,2.4,2.4,2.41
7.834,2.42,2.42,2.42,2.41
7.838,2.43,2.43,2.43,2.4
7.842,2.39,2.41,2.41,2.41
7.846,2.38,2.4,2.41,2.41
7.85,2.4,2.42,2.41,2.41
7.854,2.44,2.43,2.41,2.41
7.862,2.41,2.41,2.41,2.41
7.866,2.38,2.39,2.43,2.41
7.87,2.4,2.41,2.44,2.41
7.874,2.39,2.42,2.41,2.41
7.878,2.41,2.4,2.41,2.41
7.882,2.45,2.4,2.41,2.41
7.886,2.38,2.42,2.41,2.41
7.891,2.39,2.42,2.4,2.41
7.895,2.4,2.41,2.41,2.41
7.899,2.4,2.41,2.43,2.41
7.903,2.41,2.42,2.42,2.41
7.907,2.39,2.41,2.4,2.41
7.911,2.46,2.39,2.4,2.41
7.916,2.43,2.4,2.43,2.4
7.919,2.39,2.42,2.44,2.41
7.924,2.39,2.41,2.41,2.41
7.931,2.38,2.39,2.41,2.41
7.936,2.4,2.41,2.42,2.41
7.94,2.43,2.42,2.43,2.4
7.944,2.4,2.41,2.4,2.41
7.948,2.39,2.4,2.41,2.41
7.952,2.39,2.41,2.44,2.41
7.956,2.41,2.42,2.4,2.41
7.96,2.4,2.41,2.41,2.41
7.964,2.39,2.4,2.43,2.41
7.969,2.42,2.41,2.43,2.4
7.973,2.4,2.4,2.44,2.41
7.977,2.41,2.4,2.41,2.41
7.981,2.43,2.4,2.43,2.4
7.985,2.43,2.41,2.42,2.41
7.989,2.33,2.42,2.4,2.41
7.997,2.37,2.4,2.41,2.41
8.001,2.4,2.42,2.43,2.41
8.005,2.4,2.41,2.43,2.41
8.009,2.4,2.41,2.41,2.41
8.014,2.41,2.38,2.41,2.41
8.017,2.41,2.41,2.42,2.41
8.022,2.44,2.43,2.44,2.41
8.026,2.4,2.4,2.41,2.41
8.03,2.41,2.4,2.39,2.41
8.034,2.41,2.41,2.41,2.41
8.038,2.42,2.42,2.42,2.4
8.042,2.41,2.4,2.42,2.41
8.048,2.36,2.4,2.41,2.41
8.051,2.39,2.4,2.44,2.41
8.055,2.41,2.4,2.41,2.41
8.062,2.39,2.4,2.41,2.41
8.067,2.4,2.39,2.44,2.41
8.071,2.4,2.4,2.42,2.41
8.075,2.41,2.41,2.41,2.41
8.08,2.39,2.4,2.41,2.41
8.084,2.41,2.42,2.42,2.41
8.087,2.41,2.41,2.42,2.41
8.091,2.4,2.42,2.4,2.41
8.095,2.46,2.39,2.42,2.41
8.1,2.41,2.41,2.43,2.4
8.104,2.39,2.42,2.45,2.41
8.108,2.39,2.4,2.42,2.4
8.112,2.39,2.39,2.4,2.41
8.116,2.41,2.41,2.42,2.41
8.12,2.42,2.43,2.42,2.41
8.124,2.39,2.4,2.41,2.41
8.132,2.39,2.38,2.39,2.41
8.136,2.43,2.4,2.43,2.41
8.14,2.42,2.41,2.43,2.4
8.144,2.41,2.4,2.41,2.41
8.149,2.42,2.39,2.41,2.41
8.153,2.4,2.4,2.42,2.41
8.157,2.4,2.43,2.4,2.41
8.161,2.42,2.4,2.4,2.41
8.165,2.38,2.39,2.44,2.41
8.169,2.41,2.4,2.43,2.41
8.174,2.42,2.41,2.41,2.41
8.178,2.38,2.4,2.4,2.41
8.182,2.41,2.4,2.42,2.41
8.186,2.4,2.4,2.44,2.4
8.19,2.39,2.4,2.42,2.41
8.198,2.38,2.39,2.4,2.41
8.202,2.41,2.39,2.43,2.41
8.206,2.4,2.42,2.42,2.4
8.21,2.42,2.4,2.41,2.41
8.214,2.38,2.39,2.39,2.41
8.218,2.41,2.4,2.42,2.41
8.223,2.41,2.41,2.44,2.41
8.227,2.4,2.4,2.4,2.41
8.231,2.41,2.39,2.4,2.41
8.235,2.4,2.41,2.41,2.41
8.24,2.42,2.39,2.42,2.4
8.243,2.39,2.39,2.41,2.41
8.248,2.4,2.37,2.42,2.41
8.251,2.41,2.4,2.42,2.41
8.255,2.39,2.41,2.41,2.41
8.26,2.4,2.4,2.4,2.41
8.267,2.41,2.4,2.42,2.41
8.271,2.38,2.4,2.42,2.41
8.276,2.44,2.4,2.41,2.41
8.28,2.39,2.39,2.4,2.41
8.284,2.38,2.41,2.42,2.41
8.288,2.4,2.42,2.43,2.41
8.292,2.41,2.4,2.4,2.41
8.296,2.44,2.38,2.4,2.41
8.3,2.38,2.4,2.42,2.41
8.305,2.38,2.42,2.43,2.41
8.309,2.39,2.4,2.4,2.41
8.313,2.38,2.4,2.39,2.41
8.317,2.41,2.4,2.41,2.41
8.321,2.44,2.41,2.42,2.4
8.325,2.4,2.4,2.4,2.41
8.333,2.39,2.39,2.42,2.41
8.337,2.38,2.4,2.42,2.41
8.341,2.37,2.41,2.41,2.41
8.345,2.4,2.39,2.4,2.4
8.349,2.4,2.4,2.43,2.4
8.354,2.41,2.4,2.42,2.4
8.358,2.41,2.4,2.41,2.41
8.362,2.39,2.39,2.41,2.41
8.366,2.39,2.4,2.42,2.41
8.37,2.41,2.4,2.41,2.41
8.374,2.4,2.4,2.41,2.41
8.378,2.41,2.39,2.39,2.41
8.382,2.43,2.4,2.42,2.41
8.387,2.41,2.41,2.43,2.41
8.391,2.39,2.4,2.4,2.41
8.398,2.38,2.38,2.4,2.41
8.402,2.4,2.4,2.42,2.41
8.407,2.42,2.42,2.42,2.41
8.411,2.42,2.4,2.4,2.4
8.415,2.4,2.38,2.41,2.41
8.419,2.39,2.41,2.43,2.41
8.423,2.39,2.42,2.41,2.41
8.427,2.39,2.39,2.4,2.41
8.432,2.38,2.39,2.42,2.41
8.435,2.43,2.4,2.41,2.41
8.44,2.41,2.41,2.43,2.4
8.444,2.39,2.39,2.41,2.41
8.448,2.42,2.39,2.42,2.41
8.452,2.42,2.4,2.41,2.4
8.456,2.35,2.41,2.4,2.41
8.46,2.4,2.39,2.4,2.41
8.468,2.44,2.39,2.42,2.4
8.472,2.41,2.41,2.42,2.41
8.476,2.41,2.4,2.41,2.41
8.48,2.37,2.39,2.4,2.41
8.485,2.41,2.41,2.42,2.41
8.489,2.44,2.43,2.42,2.41
8.494,2.37,2.4,2.41,2.41
8.497,2.38,2.39,2.41,2.41
8.501,2.46,2.41,2.41,2.4
8.505,2.34,2.4,2.42,2.41
8.509,2.41,2.39,2.41,2.41
8.513,2.41,2.39,2.41,2.41
8.517,2.43,2.4,2.42,2.41
8.521,2.39,2.43,2.4,2.41
8.526,2.39,2.4,2.4,2.41
8.533,2.39,2.41,2.43,2.41
8.538,2.39,2.41,2.42,2.41
8.542,2.39,2.4,2.42,2.41
8.546,2.4,2.39,2.4,2.41
8.55,2.45,2.39,2.42,2.41
8.554,2.4,2.41,2.42,2.4
8.559,2.42,2.41,2.41,2.41
8.562,2.41,2.4,2.39,2.41
8.566,2.39,2.4,2.42,2.41
8.571,2.37,2.42,2.43,2.41
8.575,2.4,2.4,2.41,2.41
8.579,2.39,2.39,2.4,2.41
8.583,2.4,2.4,2.42,2.41
8.588,2.4,2.42,2.41,2.4
8.592,2.39,2.4,2.41,2.41
8.595,2.37,2.39,2.41,2.41
8.603,2.42,2.41,2.42,2.41
8.607,2.42,2.42,2.42,2.41
8.611,2.41,2.4,2.4,2.41
8.615,2.38,2.4,2.41,2.41
8.62,2.38,2.4,2.41,2.41
8.624,2.39,2.41,2.4,2.41
8.628,2.39,2.4,2.41,2.41
8.632,2.45,2.41,2.41,2.41
8.636,2.34,2.41,2.42,2.41
8.64,2.41,2.4,2.4,2.41
8.645,2.39,2.41,2.4,2.41
8.649,2.4,2.39,2.42,2.41
8.653,2.39,2.41,2.41,2.41
8.657,2.42,2.4,2.41,2.41
8.662,2.38,2.39,2.4,2.41
8.669,2.42,2.4,2.41,2.41
8.673,2.39,2.41,2.43,2.4
8.677,2.4,2.41,2.4,2.41
8.681,2.36,2.41,2.39,2.41
8.685,2.41,2.41,2.41,2.41
8.689,2.39,2.42,2.42,2.41
8.694,2.4,2.41,2.4,2.41
8.697,2.4,2.4,2.4,2.4
8.702,2.39,2.41,2.41,2.41
8.706,2.39,2.44,2.4,2.41
8.71,2.41,2.4,2.41,2.41
8.714,2.44,2.39,2.44,2.41
8.718,2.41,2.41,2.43,2.41
8.722,2.38,2.4,2.42,2.41
8.726,2.33,2.4,2.41,2.41
8.734,2.46,2.4,2.4,2.41
8.738,2.41,2.42,2.41,2.4
8.742,2.39,2.42,2.39,2.41
8.746,2.39,2.4,2.42,2.41
8.751,2.39,2.4,2.42,2.41
8.755,2.43,2.41,2.41,2.41
8.759,2.41,2.41,2.39,2.41
8.763,2.4,2.39,2.39,2.41
8.767,2.38,2.41,2.42,2.41
8.772,2.43,2.42,2.42,2.4
8.776,2.42,2.4,2.4,2.41
8.78,2.45,2.39,2.39,2.41
8.784,2.43,2.4,2.41,2.41
8.788,2.41,2.4,2.42,2.41
8.792,2.42,2.41,2.4,2.4
8.796,2.38,2.39,2.41,2.41
8.804,2.38,2.41,2.42,2.41
8.808,2.42,2.43,2.39,2.41
8.812,2.43,2.41,2.4,2.4
8.816,2.41,2.41,2.43,2.41
8.82,2.39,2.4,2.42,2.41
8.824,2.39,2.4,2.41,2.41
8.828,2.42,2.4,2.4,2.41
8.833,2.43,2.42,2.39,2.41
8.837,2.39,2.4,2.42,2.41
8.841,2.4,2.41,2.42,2.41
8.846,2.41,2.4,2.4,2.41
8.85,2.43,2.41,2.41,2.4
8.853,2.41,2.41,2.43,2.41
8.857,2.4,2.41,2.4,2.41
8.861,2.39,2.4,2.39,2.41
8.869,2.4,2.41,2.42,2.41
8.873,2.42,2.42,2.43,2.41
8.878,2.41,2.4,2.41,2.41
8.882,2.37,2.39,2.39,2.41
8.886,2.43,2.43,2.4,2.41
8.89,2.42,2.42,2.42,2.4
8.894,2.39,2.41,2.41,2.41
8.898,2.37,2.39,2.43,2.41
8.902,2.4,2.41,2.41,2.4
8.907,2.39,2.44,2.39,2.41
8.912,2.43,2.4,2.38,2.41
8.915,2.4,2.39,2.41,2.41
8.92,2.4,2.4,2.41,2.41
8.923,2.41,2.4,2.39,2.41
8.927,2.41,2.4,2.39,2.41
8.931,2.39,2.42,2.43,2.4
8.939,2.39,2.41,2.42,2.41
8.943,2.43,2.4,2.41,2.4
8.947,2.39,2.39,2.4,2.41
8.951,2.4,2.4,2.42,2.41
8.956,2.42,2.42,2.42,2.4
8.96,2.37,2.4,2.4,2.41
8.964,2.4,2.39,2.4,2.41
8.968,2.43,2.41,2.43,2.4
8.973,2.39,2.41,2.43,2.41
8.977,2.4,2.4,2.41,2.4
8.98,2.4,2.41,2.4,2.41
8.984,2.39,2.41,2.41,2.41
8.988,2.44,2.4,2.42,2.41
8.993,2.38,2.4,2.41,2.41
8.997,2.38,2.41,2.42,2.41
9.005,2.4,2.42,2.42,2.41
9.009,2.41,2.39,2.42,2.41
9.013,2.44,2.4,2.41,2.4
9.017,2.4,2.39,2.42,2.41
9.021,2.41,2.4,2.4,2.4
9.025,2.4,2.39,2.42,2.41
9.03,2.38,2.41,2.39,2.41
9.033,2.4,2.4,2.42,2.41
9.037,2.42,2.42,2.41,2.41
9.041,2.42,2.41,2.4,2.41
9.046,2.39,2.39,2.39,2.41
9.05,2.44,2.4,2.4,2.41
9.054,2.4,2.43,2.42,2.41
9.058,2.4,2.4,2.43,2.41
9.062,2.43,2.4,2.4,2.41
9.07,2.41,2.4,2.4,2.41
9.074,2.42,2.43,2.41,2.4
9.078,2.41,2.41,2.4,2.41
9.083,2.42,2.4,2.42,2.41
9.087,2.39,2.4,2.42,2.41
9.091,2.41,2.4,2.41,2.41
9.095,2.39,2.4,2.4,2.41
9.1,2.41,2.4,2.43,2.41
9.104,2.41,2.41,2.41,2.4
9.107,2.41,2.41,2.39,2.41
9.111,2.42,2.42,2.4,2.4
9.115,2.41,2.4,2.41,2.41
9.119,2.4,2.41,2.41,2.41
9.124,2.39,2.42,2.4,2.41
9.128,2.39,2.4,2.39,2.41
9.132,2.39,2.43,2.42,2.4
9.14,2.42,2.43,2.43,2.4
9.144,2.43,2.41,2.42,2.41
9.148,2.41,2.39,2.38,2.41
9.152,2.42,2.4,2.41,2.41
9.156,2.45,2.41,2.41,2.41
9.16,2.42,2.44,2.38,2.41
9.165,2.37,2.4,2.4,2.41
9.169,2.41,2.4,2.42,2.41
9.173,2.4,2.4,2.41,2.4
9.177,2.39,2.42,2.4,2.41
9.181,2.41,2.41,2.41,2.41
9.185,2.44,2.42,2.4,2.41
9.189,2.4,2.41,2.39,2.41
9.193,2.4,2.4,2.41,2.41
9.199,2.41,2.4,2.42,2.41
9.202,2.41,2.42,2.41,2.4
9.209,2.41,2.41,2.39,2.41
9.213,2.4,2.41,2.4,2.4
9.217,2.38,2.42,2.42,2.41
9.222,2.42,2.41,2.42,2.4
9.226,2.44,2.41,2.39,2.4
9.23,2.39,2.4,2.39,2.41
9.234,2.44,2.42,2.41,2.41
9.238,2.4,2.42,2.4,2.41
9.242,2.42,2.41,2.42,2.4
9.246,2.37,2.41,2.39,2.41
9.25,2.42,2.43,2.4,2.41
9.255,2.4,2.42,2.41,2.41
9.259,2.41,2.39,2.4,2.41
9.263,2.37,2.39,2.4,2.41
9.267,2.43,2.4,2.41,2.41
9.275,2.44,2.41,2.4,2.41
9.279,2.41,2.43,2.4,2.4
9.283,2.41,2.39,2.4,2.41
9.287,2.42,2.41,2.41,2.41
9.291,2.44,2.41,2.4,2.41
9.295,2.37,2.39,2.42,2.41
9.3,2.43,2.43,2.39,2.4
9.304,2.4,2.41,2.42,2.4
9.308,2.39,2.44,2.43,2.41
9.312,2.4,2.41,2.39,2.41
9.316,2.42,2.41,2.4,2.41
9.32,2.41,2.42,2.42,2.41
9.324,2.44,2.43,2.4,2.4
9.329,2.4,2.41,2.39,2.41
9.332,2.41,2.4,2.41,2.41
9.34,2.39,2.42,2.42,2.41
9.344,2.4,2.42,2.4,2.41
9.349,2.39,2.44,2.41,2.41
9.353,2.42,2.42,2.4,2.4
9.357,2.43,2.42,2.4,2.41
9.361,2.42,2.4,2.4,2.41
9.365,2.4,2.41,2.42,2.41
9.369,2.41,2.4,2.41,2.4
9.373,2.39,2.42,2.41,2.41
9.378,2.4,2.41,2.39,2.41
9.382,2.39,2.41,2.41,2.41
9.386,2.4,2.43,2.45,2.41
9.391,2.43,2.39,2.41,2.41
9.394,2.43,2.41,2.39,2.41
9.398,2.42,2.42,2.4,2.4
9.402,2.4,2.4,2.41,2.41
9.41,2.41,2.41,2.41,2.41
9.414,2.41,2.44,2.39,2.41
9.418,2.4,2.43,2.41,2.41
9.423,2.39,2.41,2.42,2.41
9.426,2.4,2.4,2.4,2.41
9.431,2.41,2.39,2.4,2.41
9.435,2.42,2.4,2.42,2.41
9.439,2.43,2.44,2.43,2.4
9.443,2.39,2.42,2.4,2.41
9.448,2.41,2.39,2.4,2.41
9.451,2.41,2.39,2.41,2.41
9.455,2.4,2.47,2.39,2.41
9.459,2.44,2.43,2.42,2.4
9.463,2.41,2.38,2.4,2.41
9.468,2.39,2.39,2.39,2.41
9.476,2.4,2.41,2.4,2.41
9.479,2.41,2.44,2.39,2.41
9.484,2.41,2.41,2.45,2.41
9.488,2.43,2.41,2.4,2.41
9.492,2.43,2.39,2.38,2.41
9.496,2.41,2.39,2.4,2.4
9.5,2.37,2.4,2.41,2.4
9.504,2.45,2.41,2.4,2.4
9.509,2.41,2.42,2.4,2.4
9.513,2.39,2.4,2.4,2.41
9.517,2.41,2.4,2.41,2.4
9.521,2.43,2.41,2.41,2.41
9.525,2.41,2.42,2.41,2.41
9.529,2.42,2.41,2.41,2.4
9.533,2.43,2.43,2.42,2.41
9.537,2.44,2.4,2.42,2.41
9.545,2.41,2.42,2.39,2.41
9.549,2.39,2.42,2.41,2.41
9.553,2.43,2.42,2.41,2.41
9.557,2.43,2.41,2.41,2.41
9.562,2.42,2.41,2.4,2.41
9.566,2.41,2.41,2.4,2.41
9.57,2.42,2.42,2.41,2.41
9.574,2.39,2.42,2.38,2.41
9.578,2.41,2.41,2.4,2.4
9.582,2.41,2.41,2.42,2.4
9.586,2.41,2.41,2.4,2.4
9.59,2.38,2.41,2.39,2.4
9.595,2.43,2.4,2.4,2.4
9.599,2.43,2.41,2.44,2.41
9.603,2.42,2.42,2.42,2.41
9.611,2.41,2.43,2.4,2.41
9.615,2.42,2.42,2.39,2.41
9.619,2.41,2.4,2.4,2.41
9.623,2.42,2.41,2.4,2.41
9.627,2.39,2.46,2.41,2.41
9.631,2.41,2.42,2.43,2.4
9.635,2.42,2.39,2.38,2.41
9.64,2.42,2.41,2.39,2.41
9.645,2.4,2.43,2.44,2.41
9.648,2.42,2.39,2.41,2.41
9.652,2.42,2.4,2.4,2.41
9.656,2.39,2.41,2.4,2.41
9.66,2.43,2.44,2.38,2.4
9.664,2.4,2.42,2.42,2.4
9.668,2.41,2.45,2.4,2.4
9.673,2.43,2.42,2.38,2.4
9.68,2.42,2.39,2.41,2.41
9.684,2.4,2.43,2.4,2.41
9.689,2.42,2.42,2.42,2.41
9.693,2.42,2.42,2.39,2.41
9.697,2.36,2.41,2.36,2.41
9.701,2.42,2.42,2.42,2.41
9.705,2.42,2.41,2.42,2.41
9.709,2.4,2.39,2.4,2.41
9.714,2.39,2.41,2.39,2.41
9.718,2.42,2.45,2.38,2.41
9.722,2.47,2.43,2.44,2.41
9.726,2.41,2.38,2.4,2.41
9.73,2.4,2.39,2.41,2.41
9.734,2.39,2.43,2.44,2.41
9.738,2.43,2.42,2.38,2.4
9.746,2.39,2.41,2.4,2.4
9.75,2.44,2.45,2.39,2.41
9.754,2.42,2.43,2.39,2.4
9.758,2.4,2.39,2.41,2.41
9.762,2.41,2.44,2.4,2.41
9.766,2.42,2.42,2.4,2.41
9.771,2.39,2.43,2.43,2.41
9.775,2.41,2.44,2.38,2.41
9.779,2.4,2.39,2.4,2.41
9.783,2.4,2.43,2.42,2.41
9.787,2.46,2.47,2.44,2.41
9.791,2.39,2.41,2.38,2.41
9.796,2.41,2.38,2.39,2.41
9.8,2.4,2.43,2.39,2.41
9.805,2.46,2.39,2.42,2.41
9.811,2.41,2.4,2.4,2.41
9.815,2.4,2.39,2.4,2.41
9.82,2.46,2.41,2.42,2.4
9.824,2.41,2.42,2.43,2.4
9.828,2.41,2.42,2.39,2.4
9.832,2.42,2.5,2.42,2.4
9.837,2.41,2.37,2.39,2.4
9.841,2.4,2.39,2.44,2.4
9.844,2.39,2.41,2.39,2.41
9.848,2.4,2.42,2.41,2.41
9.853,2.41,2.43,2.4,2.41
9.857,2.44,2.4,2.35,2.41
9.861,2.41,2.38,2.4,2.41
9.865,2.39,2.38,2.43,2.41
9.87,2.42,2.45,2.44,2.41
9.873,2.39,2.44,2.41,2.4
9.881,2.39,2.39,2.39,2.41
9.885,2.42,2.4,2.4,2.41
9.889,2.41,2.46,2.41,2.41
9.893,2.41,2.39,2.41,2.41
9.897,2.41,2.37,2.43,2.41
9.901,2.44,2.54,2.39,2.41
9.906,2.45,2.43,2.44,2.4
9.91,2.37,2.39,2.44,2.4
9.914,2.39,2.39,2.37,2.41
9.918,2.39,2.44,2.37,2.4
9.922,2.4,2.44,2.38,2.4
9.926,2.45,2.42,2.38,2.41
9.931,2.42,2.47,2.42,2.41
9.935,2.42,2.43,2.4,2.41
9.939,2.36,2.38,2.42,2.41
9.947,2.39,2.42,2.41,2.4
9.951,2.42,2.43,2.46,2.41
9.955,2.44,2.39,2.4,2.41
9.959,2.4,2.48,2.4,2.41
9.964,2.41,2.41,2.41,2.41
9.967,2.41,2.38,2.44,2.4
9.971,2.41,2.46,2.4,2.41
9.975,2.4,2.48,2.36,2.41
9.979,2.4,2.42,2.36,2.41
9.983,2.38,2.47,2.46,2.41
9.987,2.45,2.34,2.38,2.4
9.993,2.4,2.33,2.36,2.4
9.996,2.37,2.41,2.45,2.4
10,2.43,2.45,2.42,2.4
10.004,2.42,2.42,2.37,2.41
10.012,2.4,2.39,2.4,2.41
10.016,2.41,2.65,2.44,2.4
10.02,2.42,2.36,2.43,2.41
10.024,2.4,2.38,2.41,2.41
10.028,2.4,2.37,2.39,2.41
10.033,2.4,2.38,2.42,2.41
10.037,2.41,2.54,2.4,2.41
10.041,2.41,2.42,2.38,2.41
10.045,2.4,2.39,2.37,2.41
10.049,2.44,2.41,2.42,2.41
10.053,2.41,2.39,2.45,2.41
10.058,2.4,2.34,2.42,2.41
10.061,2.41,2.41,2.34,2.41
10.066,2.41,2.38,2.46,2.4
10.07,2.43,2.5,2.46,2.4
10.074,2.42,2.48,2.42,2.4
10.082,2.42,2.33,2.32,2.4
10.086,2.4,2.35,2.37,2.41
10.09,2.39,2.61,2.39,2.41
10.094,2.45,2.49,2.36,2.4
10.098,2.42,2.32,2.41,2.41
10.102,2.38,2.51,2.49,2.41
10.106,2.42,2.41,2.42,2.41
10.111,2.43,2.4,2.36,2.41
10.115,2.38,2.39,2.45,2.41
10.119,2.4,2.4,2.39,2.41
10.123,2.43,2.42,2.38,2.41
10.127,2.39,2.36,2.42,2.41
10.131,2.4,2.42,2.41,2.41
10.135,2.42,2.43,2.4,2.41
10.14,2.4,2.45,2.46,2.41
10.147,2.47,2.38,2.35,2.41
10.151,2.4,2.5,2.43,2.4
10.155,2.41,2.43,2.46,2.4
10.16,2.39,2.35,2.38,2.4
10.164,2.39,2.36,2.38,2.41
10.168,2.4,2.39,2.4,2.41
10.172,2.43,2.52,2.4,2.41
10.176,2.43,2.53,2.39,2.41
10.181,2.42,2.36,2.42,2.41
10.184,2.38,2.4,2.42,2.41
10.188,2.42,2.42,2.4,2.41
10.192,2.45,2.39,2.39,2.41
10.196,2.41,2.52,2.42,2.4
10.201,2.39,2.42,2.44,2.41
10.205,2.43,2.46,2.36,2.41
10.209,2.4,2.37,2.39,2.41
10.217,2.39,2.39,2.32,2.41
10.221,2.44,2.42,2.48,2.4
10.225,2.45,2.44,2.31,2.41
10.229,2.42,2.38,2.42,2.4
10.233,2.37,2.39,2.45,2.4
10.237,2.4,2.46,2.39,2.41
10.241,2.43,2.49,2.39,2.4
10.246,2.43,2.42,2.45,2.4
10.25,2.42,2.4,2.46,2.41
10.254,2.41,2.45,2.34,2.41
10.258,2.45,2.45,2.41,2.41
10.262,2.37,2.33,2.39,2.41
10.267,2.4,2.4,2.39,2.41
10.271,2.4,2.44,2.39,2.41
10.274,2.44,2.41,2.4,2.41
10.282,2.4,2.51,2.37,2.41
10.286,2.39,2.42,2.5,2.41
10.291,2.43,2.39,2.47,2.41
10.295,2.39,2.44,2.38,2.41
10.299,2.44,2.38,2.41,2.41
10.303,2.39,2.38,2.43,2.41
10.307,2.43,2.5,2.38,2.41
10.311,2.41,2.34,2.38,2.41
10.315,2.39,2.39,2.49,2.4
10.32,2.44,2.41,2.46,2.4
10.324,2.4,2.35,2.39,2.4
10.328,2.39,2.4,2.36,2.4
10.332,2.41,2.48,2.39,2.4
10.336,2.42,2.43,2.37,2.41
10.34,2.41,2.53,2.41,2.41
10.348,2.41,2.54,2.47,2.41
10.352,2.44,2.36,2.34,2.41
10.356,2.38,2.33,2.39,2.41
10.36,2.43,2.42,2.42,2.41
10.364,2.39,2.38,2.5,2.41
10.369,2.39,2.33,2.38,2.41
10.373,2.4,2.39,2.39,2.41
10.377,2.41,2.41,2.41,2.41
10.381,2.39,2.51,2.46,2.41
10.386,2.44,2.34,2.4,2.41
10.389,2.41,2.41,2.36,2.41
10.393,2.39,2.43,2.39,2.41
10.398,2.48,2.51,2.4,2.4
10.402,2.38,2.37,2.47,2.4
10.405,2.39,2.31,2.36,2.4
10.409,2.41,2.59,2.37,2.41
10.418,2.45,2.44,2.44,2.41
10.422,2.4,2.33,2.39,2.41
10.426,2.39,2.41,2.4,2.41
10.43,2.39,2.37,2.38,2.41
10.434,2.44,2.41,2.42,2.41
10.439,2.42,2.41,2.48,2.41
10.442,2.42,2.39,2.41,2.41
10.447,2.4,2.46,2.4,2.41
10.451,2.48,2.45,2.38,2.41
10.455,2.33,2.39,2.48,2.41
10.459,2.47,2.46,2.37,2.4
10.463,2.44,2.38,2.36,2.41
10.467,2.36,2.41,2.42,2.41
10.471,2.42,2.42,2.4,2.41
10.475,2.38,2.42,2.39,2.41
10.483,2.4,2.46,2.42,2.41
10.487,2.42,2.51,2.44,2.4
10.491,2.48,2.39,2.39,2.41
10.495,2.36,2.29,2.37,2.41
10.499,2.43,2.39,2.41,2.41
10.504,2.41,2.37,2.45,2.41
10.508,2.39,2.4,2.39,2.41
10.512,2.42,2.45,2.36,2.41
10.516,2.42,2.41,2.39,2.41
10.52,2.43,2.48,2.39,2.41
10.524,2.42,2.5,2.39,2.41
10.529,2.43,2.38,2.4,2.41
10.533,2.36,2.43,2.43,2.4
10.537,2.44,2.39,2.41,2.4
10.541,2.44,2.4,2.51,2.4
10.548,2.36,2.41,2.39,2.4
10.553,2.41,2.39,2.35,2.41
10.557,2.4,2.44,2.47,2.41
10.561,2.41,2.43,2.42,2.41
10.565,2.42,2.36,2.4,2.41
10.569,2.41,2.41,2.41,2.4
10.573,2.41,2.4,2.41,2.41
10.577,2.44,2.42,2.38,2.41
10.581,2.44,2.47,2.36,2.41
10.586,2.43,2.44,2.41,2.41
10.59,2.41,2.42,2.5,2.4
10.594,2.38,2.4,2.42,2.41
10.598,2.39,2.33,2.39,2.41
10.602,2.39,2.38,2.38,2.41
10.606,2.4,2.41,2.43,2.41
10.61,2.4,2.43,2.39,2.41
10.618,2.41,2.41,2.39,2.4
10.622,2.42,2.42,2.42,2.41
10.626,2.41,2.41,2.42,2.41
10.631,2.41,2.35,2.47,2.4
10.635,2.38,2.43,2.36,2.41
10.639,2.45,2.42,2.39,2.41
10.643,2.41,2.43,2.47,2.4
10.647,2.41,2.43,2.41,2.41
10.652,2.39,2.47,2.38,2.41
10.656,2.4,2.33,2.39,2.41
10.66,2.39,2.39,2.39,2.4
10.664,2.41,2.38,2.43,2.4
10.668,2.38,2.42,2.43,2.4
10.672,2.42,2.49,2.4,2.4
10.676,2.42,2.43,2.39,2.41
10.684,2.42,2.33,2.4,2.41
10.688,2.41,2.39,2.41,2.41
10.692,2.42,2.45,2.37,2.41
10.696,2.43,2.4,2.4,2.41
10.7,2.35,2.35,2.46,2.41
10.704,2.41,2.45,2.4,2.41
10.709,2.42,2.44,2.4,2.41
10.713,2.39,2.44,2.46,2.41
10.717,2.45,2.46,2.39,2.41
10.721,2.4,2.35,2.4,2.41
10.725,2.39,2.37,2.4,2.41
10.729,2.43,2.51,2.44,2.4
10.733,2.34,2.41,2.41,2.41
10.737,2.46,2.37,2.42,2.41
10.742,2.41,2.43,2.4,2.41
10.749,2.41,2.37,2.38,2.41
10.753,2.41,2.36,2.4,2.41
10.757,2.44,2.38,2.4,2.41
10.762,2.39,2.49,2.38,2.41
10.766,2.42,2.43,2.4,2.41
10.77,2.42,2.35,2.43,2.41
10.774,2.43,2.4,2.35,2.41
10.778,2.39,2.56,2.37,2.41
10.783,2.42,2.4,2.41,2.41
10.788,2.41,2.4,2.42,2.4
10.79,2.39,2.35,2.43,2.4
10.798,2.39,2.38,2.4,2.41
10.799,2.42,2.51,2.4,2.4
10.803,2.39,2.39,2.4,2.4
10.807,2.44,2.44,2.39,2.4
10.811,2.39,2.52,2.43,2.4
10.819,2.45,2.39,2.41,2.41
10.823,2.4,2.32,2.42,2.41
10.827,2.4,2.36,2.4,2.41
10.831,2.47,2.36,2.42,2.41
10.835,2.39,2.4,2.38,2.41
10.839,2.41,2.41,2.37,2.41
10.844,2.39,2.4,2.46,2.41
10.848,2.42,2.4,2.38,2.41
10.852,2.38,2.4,2.42,2.41
10.856,2.4,2.42,2.43,2.4
10.86,2.43,2.44,2.39,2.4
10.864,2.39,2.41,2.44,2.4
10.868,2.41,2.36,2.37,2.41
10.872,2.46,2.47,2.38,2.4
10.876,2.34,2.42,2.44,2.41
10.884,2.44,2.36,2.41,2.41
10.888,2.34,2.34,2.43,2.4
10.893,2.43,2.59,2.37,2.41
10.897,2.4,2.32,2.43,2.41
10.901,2.4,2.33,2.37,2.41
10.905,2.41,2.45,2.4,2.41
10.909,2.42,2.45,2.45,2.4
10.913,2.37,2.42,2.39,2.41
10.918,2.42,2.31,2.41,2.41
10.922,2.42,2.44,2.42,2.41
10.925,2.4,2.39,2.39,2.41
10.93,2.39,2.39,2.4,2.41
10.934,2.43,2.42,2.37,2.4
10.938,2.4,2.42,2.41,2.4
10.942,2.4,2.39,2.41,2.41
10.946,2.43,2.4,2.43,2.41
10.954,2.38,2.44,2.42,2.41
10.958,2.43,2.37,2.39,2.41
10.962,2.41,2.47,2.34,2.41
10.966,2.41,2.35,2.35,2.41
10.971,2.42,2.35,2.47,2.41
10.975,2.4,2.48,2.39,2.41
10.979,2.42,2.45,2.42,2.4
10.985,2.44,2.43,2.4,2.41
10.988,2.41,2.43,2.48,2.41
10.992,2.39,2.37,2.35,2.41
10.995,2.41,2.35,2.32,2.41
10.999,2.39,2.44,2.45,2.41
11.004,2.43,2.43,2.4,2.41
11.008,2.39,2.36,2.38,2.41
11.012,2.39,2.37,2.43,2.41
11.019,2.39,2.47,2.39,2.41
11.024,2.45,2.44,2.35,2.4
11.028,2.42,2.36,2.45,2.4
11.032,2.39,2.38,2.46,2.41
11.036,2.43,2.42,2.36,2.41
11.04,2.41,2.42,2.39,2.41
11.044,2.41,2.38,2.42,2.4
11.048,2.4,2.39,2.48,2.4
11.053,2.42,2.46,2.37,2.4
11.057,2.42,2.5,2.41,2.41
11.061,2.42,2.33,2.36,2.41
11.065,2.39,2.35,2.53,2.4
11.069,2.39,2.45,2.42,2.41
11.074,2.39,2.42,2.34,2.4
11.078,2.39,2.37,2.4,2.41
11.085,2.46,2.42,2.4,2.41
11.089,2.43,2.52,2.39,2.41
11.093,2.39,2.41,2.4,2.41
11.097,2.4,2.35,2.37,2.41
11.102,2.39,2.38,2.39,2.41
11.106,2.45,2.41,2.4,2.41
11.11,2.42,2.43,2.44,2.41
11.114,2.42,2.32,2.39,2.41
11.118,2.4,2.38,2.37,2.41
11.122,2.42,2.39,2.42,2.4
11.127,2.43,2.42,2.38,2.4
11.131,2.41,2.49,2.44,2.41
11.135,2.39,2.36,2.41,2.41
11.138,2.39,2.39,2.42,2.41
11.143,2.4,2.39,2.39,2.41
11.147,2.35,2.42,2.38,2.41
11.155,2.41,2.46,2.42,2.4
11.159,2.43,2.39,2.48,2.4
11.163,2.4,2.41,2.34,2.41
11.167,2.46,2.42,2.41,2.4
11.171,2.39,2.32,2.37,2.41
11.175,2.41,2.43,2.4,2.41
11.18,2.4,2.41,2.41,2.41
11.184,2.4,2.39,2.36,2.41
11.188,2.4,2.36,2.41,2.4
11.192,2.42,2.4,2.39,2.41
11.196,2.41,2.4,2.41,2.41
11.2,2.41,2.4,2.39,2.41
11.205,2.41,2.5,2.39,2.41
11.209,2.39,2.37,2.44,2.41
11.213,2.38,2.39,2.37,2.41
11.22,2.39,2.51,2.35,2.4
11.224,2.45,2.47,2.38,2.41
11.229,2.41,2.32,2.47,2.41
11.233,2.41,2.42,2.43,2.4
11.237,2.4,2.35,2.37,2.41
11.241,2.4,2.39,2.39,2.41
11.245,2.4,2.43,2.38,2.4
11.249,2.4,2.53,2.39,2.4
11.253,2.41,2.37,2.41,2.41
11.257,2.39,2.34,2.42,2.41
11.262,2.41,2.38,2.42,2.4
11.265,2.41,2.44,2.46,2.4
11.27,2.39,2.39,2.39,2.41
11.274,2.36,2.38,2.38,2.4
11.278,2.45,2.47,2.41,2.4
11.286,2.42,2.44,2.44,2.4
11.29,2.44,2.37,2.4,2.41
11.294,2.41,2.34,2.39,2.41
11.298,2.38,2.4,2.39,2.41
11.303,2.41,2.45,2.39,2.4
11.307,2.39,2.42,2.39,2.41
11.311,2.44,2.42,2.38,2.4
11.315,2.39,2.33,2.39,2.4
11.319,2.39,2.41,2.41,2.4
11.323,2.46,2.43,2.44,2.4
11.327,2.4,2.37,2.38,2.4
11.333,2.37,2.37,2.42,2.4
11.335,2.41,2.53,2.43,2.4
11.339,2.43,2.43,2.41,2.4
11.343,2.41,2.36,2.39,2.4
11.347,2.41,2.35,2.4,2.41
11.355,2.41,2.38,2.4,2.4
11.36,2.39,2.41,2.41,2.41
11.364,2.4,2.4,2.4,2.4
11.368,2.44,2.46,2.39,2.4
11.372,2.42,2.39,2.44,2.4
11.376,2.4,2.36,2.39,2.4
11.38,2.41,2.37,2.41,2.4
11.385,2.41,2.43,2.42,2.4
11.389,2.41,2.43,2.42,2.4
11.393,2.43,2.39,2.42,2.4
11.397,2.39,2.43,2.4,2.4
11.401,2.4,2.38,2.4,2.4
11.405,2.45,2.4,2.43,2.4
11.409,2.38,2.36,2.38,2.4
11.413,2.4,2.4,2.4,2.41
11.421,2.42,2.46,2.4,2.4
11.425,2.44,2.37,2.39,2.41
11.429,2.4,2.39,2.38,2.4
11.433,2.41,2.41,2.42,2.4
11.438,2.41,2.4,2.39,2.4
11.442,2.4,2.39,2.37,2.41
11.446,2.47,2.44,2.4,2.4
11.45,2.36,2.36,2.45,2.4
11.454,2.39,2.39,2.41,2.4
11.458,2.42,2.44,2.44,2.4
11.462,2.42,2.4,2.42,2.4
11.467,2.4,2.36,2.41,2.4
11.471,2.41,2.39,2.38,2.4
11.475,2.37,2.41,2.42,2.4
11.479,2.43,2.45,2.39,2.4
11.486,2.41,2.39,2.42,2.4
11.491,2.43,2.4,2.38,2.4
11.495,2.41,2.46,2.39,2.4
11.499,2.41,2.39,2.41,2.4
11.503,2.42,2.37,2.39,2.41
11.507,2.4,2.47,2.39,2.4
11.511,2.44,2.35,2.42,2.4
11.516,2.41,2.37,2.39,2.4
11.52,2.39,2.46,2.41,2.4
11.524,2.42,2.44,2.39,2.4
11.528,2.42,2.36,2.36,2.41
11.532,2.4,2.36,2.44,2.4
11.536,2.4,2.5,2.4,2.4
11.54,2.39,2.54,2.42,2.4
11.544,2.44,2.39,2.44,2.4
11.552,2.39,2.31,2.39,2.41
11.556,2.4,2.37,2.39,2.4
11.56,2.39,2.41,2.36,2.4
11.564,2.44,2.41,2.35,2.4
11.568,2.4,2.37,2.41,2.4
11.573,2.4,2.44,2.41,2.4
11.577,2.44,2.41,2.39,2.41
11.581,2.39,2.37,2.39,2.4
11.585,2.4,2.49,2.4,2.4
11.589,2.45,2.42,2.41,2.4
11.593,2.37,2.39,2.42,2.4
11.598,2.43,2.37,2.44,2.4
11.602,2.41,2.41,2.4,2.4
11.606,2.4,2.39,2.38,2.4
11.61,2.4,2.41,2.38,2.41
11.614,2.42,2.49,2.5,2.4
11.622,2.44,2.37,2.51,2.4
11.626,2.41,2.39,2.36,2.4
11.63,2.4,2.41,2.36,2.4
11.634,2.4,2.35,2.36,2.41
11.638,2.4,2.36,2.39,2.4
11.642,2.4,2.39,2.33,2.4
11.646,2.42,2.43,2.34,2.4
11.651,2.41,2.39,2.46,2.4
11.655,2.4,2.4,2.43,2.41
11.659,2.41,2.45,2.43,2.4
11.663,2.38,2.44,2.37,2.4
11.667,2.42,2.41,2.41,2.4
11.671,2.41,2.39,2.41,2.4
11.676,2.39,2.43,2.4,2.4
11.679,2.39,2.36,2.43,2.4
11.687,2.42,2.37,2.42,2.4
11.691,2.39,2.45,2.39,2.4
11.695,2.4,2.45,2.42,2.4
11.7,2.41,2.35,2.44,2.4
11.704,2.44,2.42,2.36,2.4
11.708,2.4,2.39,2.38,2.4
11.712,2.39,2.39,2.4,2.4
11.716,2.41,2.4,2.41,2.4
11.72,2.47,2.45,2.39,2.4
11.725,2.38,2.4,2.42,2.4
11.729,2.41,2.39,2.42,2.4
11.733,2.4,2.42,2.42,2.4
11.737,2.4,2.41,2.43,2.4
11.741,2.42,2.38,2.37,2.4
11.746,2.39,2.36,2.39,2.41
11.749,2.43,2.42,2.39,2.4
11.757,2.41,2.45,2.4,2.4
11.761,2.43,2.44,2.39,2.4
11.765,2.39,2.39,2.39,2.41
11.769,2.41,2.39,2.42,2.41
11.773,2.41,2.39,2.4,2.4
11.779,2.4,2.39,2.41,2.4
11.782,2.4,2.39,2.42,2.4
11.786,2.42,2.38,2.39,2.4
11.79,2.43,2.4,2.38,2.4
11.794,2.4,2.39,2.4,2.4
11.798,2.42,2.39,2.4,2.4
11.802,2.43,2.39,2.4,2.4
11.806,2.42,2.41,2.4,2.4
11.811,2.41,2.44,2.4,2.4
11.815,2.43,2.43,2.41,2.4
11.822,2.4,2.37,2.41,2.4
11.827,2.41,2.39,2.39,2.4
11.831,2.4,2.39,2.39,2.41
11.835,2.41,2.4,2.41,2.4
11.839,2.41,2.43,2.42,2.4
11.843,2.41,2.4,2.42,2.4
11.847,2.4,2.4,2.38,2.4
11.852,2.41,2.4,2.4,2.4
11.855,2.41,2.42,2.42,2.4
11.86,2.39,2.54,2.43,2.4
11.864,2.43,2.39,2.36,2.41
11.868,2.41,2.35,2.41,2.4
11.873,2.41,2.41,2.4,2.41
11.876,2.4,2.39,2.39,2.41
11.88,2.42,2.38,2.41,2.41
11.888,2.41,2.4,2.41,2.4
11.892,2.38,2.44,2.39,2.41
11.896,2.44,2.41,2.39,2.41
11.9,2.4,2.39,2.42,2.41
11.904,2.41,2.4,2.41,2.41
11.908,2.39,2.4,2.41,2.41
11.912,2.4,2.41,2.4,2.4
11.917,2.41,2.45,2.44,2.4
11.921,2.43,2.4,2.39,2.41
11.925,2.41,2.39,2.39,2.41
11.929,2.39,2.39,2.41,2.41
11.933,2.41,2.41,2.41,2.4
11.939,2.44,2.41,2.42,2.4
11.942,2.4,2.41,2.41,2.4
11.945,2.39,2.43,2.39,2.41
11.95,2.41,2.41,2.39,2.4
11.958,2.42,2.4,2.43,2.4
11.962,2.41,2.39,2.4,2.41
11.966,2.4,2.42,2.41,2.4
11.97,2.42,2.44,2.41,2.4
11.974,2.41,2.38,2.39,2.41
11.978,2.41,2.38,2.4,2.41
11.983,2.38,2.4,2.4,2.41
11.987,2.4,2.4,2.42,2.41
11.991,2.4,2.41,2.41,2.41
11.995,2.4,2.4,2.38,2.41
11.999,2.42,2.39,2.43,2.4
12.003,2.41,2.39,2.42,2.41
12.007,2.39,2.39,2.39,2.41
12.011,2.41,2.42,2.41,2.4
12.016,2.43,2.42,2.43,2.41
12.023,2.42,2.41,2.41,2.41
12.027,2.41,2.39,2.39,2.41
12.031,2.4,2.38,2.42,2.41
12.035,2.41,2.42,2.42,2.4
12.04,2.42,2.47,2.39,2.4
12.044,2.42,2.4,2.4,2.41
12.048,2.39,2.35,2.41,2.41
12.052,2.4,2.4,2.41,2.4
12.056,2.42,2.42,2.41,2.4
12.061,2.42,2.43,2.4,2.4
12.065,2.41,2.42,2.42,2.41
12.069,2.41,2.39,2.43,2.41
12.073,2.39,2.4,2.42,2.41
12.077,2.4,2.39,2.4,2.41
12.08,2.38,2.39,2.41,2.41
12.088,2.44,2.41,2.41,2.4
12.093,2.4,2.4,2.4,2.41
12.097,2.39,2.4,2.41,2.41
12.101,2.38,2.42,2.41,2.41
12.105,2.42,2.41,2.41,2.4
12.109,2.4,2.41,2.4,2.41
12.113,2.41,2.39,2.39,2.41
12.117,2.41,2.4,2.43,2.41
12.122,2.4,2.42,2.43,2.4
12.126,2.43,2.41,2.4,2.41
12.131,2.4,2.39,2.42,2.4
12.134,2.41,2.4,2.41,2.41
12.138,2.42,2.42,2.4,2.4
12.142,2.41,2.4,2.41,2.41
12.146,2.4,2.4,2.41,2.41
12.151,2.41,2.41,2.42,2.41
12.158,2.43,2.42,2.4,2.41
12.162,2.4,2.4,2.41,2.41
12.166,2.41,2.41,2.4,2.41
12.17,2.42,2.41,2.41,2.4
12.175,2.45,2.45,2.38,2.4
12.179,2.4,2.41,2.4,2.41
12.183,2.4,2.41,2.42,2.41
12.187,2.42,2.39,2.42,2.41
12.191,2.4,2.41,2.41,2.41
12.196,2.41,2.39,2.41,2.41
12.199,2.38,2.43,2.43,2.41
12.203,2.41,2.43,2.39,2.4
12.207,2.39,2.4,2.41,2.41
12.212,2.4,2.39,2.39,2.41
12.216,2.41,2.41,2.42,2.41
12.22,2.42,2.42,2.41,2.4
12.228,2.41,2.41,2.41,2.41
12.232,2.4,2.41,2.42,2.4
12.236,2.4,2.42,2.4,2.4
12.24,2.41,2.41,2.4,2.41
12.245,2.42,2.4,2.39,2.41
12.249,2.36,2.4,2.4,2.41
12.253,2.44,2.41,2.42,2.41
12.257,2.42,2.4,2.42,2.4
12.261,2.39,2.41,2.4,2.41
12.265,2.43,2.39,2.42,2.4
12.269,2.43,2.4,2.41,2.4
12.273,2.43,2.42,2.4,2.41
12.278,2.39,2.41,2.41,2.41
12.281,2.42,2.41,2.39,2.41
12.286,2.41,2.41,2.41,2.41
12.293,2.4,2.39,2.41,2.4
12.297,2.4,2.39,2.41,2.41
12.302,2.39,2.41,2.42,2.41
12.306,2.43,2.42,2.41,2.4
12.31,2.41,2.4,2.41,2.41
12.314,2.41,2.4,2.39,2.41
12.319,2.4,2.41,2.41,2.41
12.323,2.42,2.41,2.42,2.41
12.326,2.41,2.4,2.41,2.4
12.331,2.39,2.4,2.39,2.41
12.335,2.42,2.41,2.41,2.41
12.339,2.41,2.43,2.43,2.4
12.343,2.41,2.4,2.41,2.41
12.347,2.4,2.39,2.41,2.41
12.351,2.41,2.42,2.41,2.4
12.355,2.43,2.41,2.39,2.4
12.363,2.4,2.4,2.41,2.41
12.367,2.41,2.41,2.43,2.41
12.371,2.4,2.42,2.42,2.41
12.375,2.41,2.39,2.4,2.41
12.379,2.39,2.4,2.41,2.41
12.384,2.41,2.41,2.4,2.4
12.388,2.41,2.41,2.4,2.41
12.392,2.41,2.41,2.39,2.41
12.396,2.38,2.4,2.39,2.41
12.4,2.42,2.41,2.4,2.4
12.404,2.42,2.42,2.41,2.41
12.408,2.4,2.4,2.41,2.41
12.413,2.38,2.39,2.41,2.41
12.417,2.43,2.4,2.41,2.4
12.421,2.41,2.43,2.42,2.4
12.429,2.4,2.41,2.39,2.41
12.433,2.44,2.39,2.39,2.41
12.437,2.39,2.41,2.41,2.41
12.441,2.41,2.4,2.43,2.41
12.445,2.42,2.41,2.4,2.41
12.45,2.43,2.41,2.4,2.4
12.453,2.4,2.42,2.41,2.41
12.457,2.41,2.39,2.42,2.4
12.462,2.4,2.4,2.4,2.41
12.466,2.4,2.4,2.42,2.41
12.47,2.39,2.41,2.4,2.4
12.474,2.41,2.43,2.39,2.41
12.478,2.41,2.41,2.42,2.41
12.483,2.4,2.4,2.44,2.41
12.486,2.41,2.42,2.42,2.41
12.49,2.41,2.42,2.4,2.41
12.498,2.41,2.39,2.4,2.41
12.502,2.43,2.4,2.41,2.4
12.507,2.43,2.41,2.41,2.4
12.511,2.4,2.41,2.4,2.41
12.515,2.38,2.39,2.4,2.41
12.519,2.44,2.41,2.41,2.4
12.523,2.45,2.42,2.41,2.41
12.527,2.41,2.41,2.4,2.41
12.531,2.38,2.4,2.39,2.41
12.535,2.39,2.42,2.41,2.41
12.54,2.44,2.4,2.39,2.41
12.544,2.41,2.4,2.39,2.41
12.547,2.39,2.41,2.42,2.41
12.552,2.42,2.4,2.42,2.41
12.556,2.42,2.39,2.41,2.41
12.564,2.42,2.4,2.4,2.41
12.568,2.43,2.4,2.4,2.41
12.572,2.4,2.41,2.41,2.41
12.576,2.41,2.42,2.39,2.41
12.58,2.43,2.4,2.39,2.41
12.584,2.44,2.41,2.41,2.41
12.589,2.39,2.42,2.42,2.41
12.593,2.37,2.41,2.4,2.41
12.597,2.42,2.41,2.39,2.41
12.601,2.39,2.42,2.41,2.41
12.605,2.41,2.41,2.42,2.4
12.61,2.41,2.41,2.4,2.41
12.613,2.43,2.4,2.39,2.41
12.617,2.4,2.41,2.41,2.41
12.621,2.44,2.43,2.4,2.41
12.629,2.45,2.41,2.4,2.41
12.633,2.43,2.41,2.41,2.41
12.637,2.38,2.42,2.41,2.41
12.642,2.43,2.39,2.38,2.41
12.646,2.39,2.4,2.4,2.41
12.65,2.41,2.41,2.42,2.4
12.654,2.4,2.41,2.4,2.41
12.658,2.43,2.41,2.39,2.41
12.662,2.4,2.41,2.4,2.41
12.666,2.43,2.41,2.39,2.41
12.671,2.44,2.41,2.4,2.41
12.674,2.39,2.4,2.4,2.41
12.679,2.38,2.4,2.4,2.41
12.683,2.43,2.41,2.4,2.41
12.687,2.45,2.43,2.42,2.41
12.691,2.4,2.41,2.41,2.41
12.699,2.37,2.39,2.4,2.41
12.703,2.37,2.42,2.41,2.4
12.707,2.39,2.43,2.4,2.41
12.711,2.42,2.42,2.4,2.41
12.715,2.37,2.4,2.4,2.41
12.719,2.42,2.41,2.41,2.4
12.723,2.41,2.42,2.4,2.41
12.728,2.42,2.41,2.4,2.41
12.732,2.39,2.4,2.42,2.41
12.736,2.46,2.42,2.41,2.4
12.74,2.4,2.41,2.42,2.41
12.744,2.41,2.41,2.41,2.41
12.748,2.41,2.41,2.41,2.41
12.752,2.4,2.42,2.41,2.41
12.756,2.37,2.4,2.42,2.41
12.764,2.39,2.42,2.4,2.41
12.768,2.38,2.42,2.43,2.41
12.773,2.43,2.42,2.41,2.41
12.777,2.41,2.41,2.4,2.41
12.781,2.34,2.4,2.39,2.41
12.785,2.45,2.41,2.41,2.41
12.789,2.39,2.41,2.42,2.41
12.793,2.4,2.41,2.4,2.41
12.798,2.42,2.4,2.39,2.41
12.802,2.41,2.41,2.41,2.41
12.806,2.44,2.44,2.42,2.41
12.81,2.41,2.42,2.39,2.4
12.814,2.39,2.42,2.38,2.41
12.818,2.38,2.41,2.42,2.41
12.822,2.39,2.42,2.41,2.41
12.826,2.39,2.41,2.39,2.41
12.834,2.39,2.42,2.41,2.41
12.838,2.42,2.41,2.42,2.4
12.842,2.39,2.41,2.41,2.41
12.847,2.43,2.41,2.39,2.41
12.851,2.39,2.39,2.42,2.41
12.855,2.41,2.42,2.41,2.41
12.859,2.38,2.4,2.4,2.41
12.864,2.42,2.4,2.39,2.41
12.867,2.41,2.41,2.42,2.4
12.872,2.44,2.44,2.42,2.4
12.875,2.4,2.41,2.4,2.41
12.88,2.35,2.4,2.4,2.41
12.884,2.41,2.41,2.42,2.4
12.888,2.42,2.43,2.42,2.4
12.892,2.37,2.41,2.41,2.41
12.9,2.4,2.4,2.39,2.41
12.904,2.41,2.41,2.42,2.4
12.908,2.42,2.42,2.41,2.41
12.912,2.38,2.41,2.4,2.41
12.916,2.45,2.4,2.41,2.41
12.92,2.41,2.42,2.41,2.4
12.924,2.4,2.41,2.4,2.41
12.929,2.41,2.41,2.39,2.41
12.933,2.39,2.42,2.41,2.4
12.937,2.41,2.41,2.41,2.41
12.941,2.41,2.41,2.41,2.41
12.945,2.39,2.41,2.4,2.41
12.949,2.41,2.4,2.42,2.4
12.953,2.4,2.42,2.41,2.41
12.958,2.41,2.41,2.4,2.41
12.962,2.39,2.42,2.4,2.41
12.969,2.41,2.42,2.41,2.4
12.973,2.4,2.42,2.43,2.4
12.977,2.43,2.41,2.4,2.41
12.982,2.38,2.4,2.39,2.41
12.986,2.37,2.41,2.41,2.41
12.99,2.44,2.44,2.41,2.41
12.994,2.39,2.41,2.4,2.41
12.998,2.39,2.39,2.42,2.41
13.002,2.41,2.42,2.42,2.4
13.006,2.43,2.44,2.4,2.41
13.011,2.36,2.42,2.41,2.41
13.015,2.39,2.41,2.42,2.41
13.019,2.4,2.42,2.41,2.41
13.024,2.39,2.42,2.4,2.41
13.027,2.41,2.41,2.41,2.41
13.034,2.39,2.4,2.43,2.41
13.039,2.45,2.42,2.41,2.4
13.043,2.37,2.42,2.4,2.4
13.047,2.37,2.41,2.41,2.41
13.051,2.42,2.42,2.42,2.4
13.056,2.43,2.43,2.42,2.4
13.059,2.45,2.41,2.4,2.41
13.064,2.36,2.4,2.41,2.41
13.068,2.39,2.41,2.41,2.41
13.072,2.43,2.43,2.43,2.41
13.076,2.42,2.42,2.4,2.4
13.08,2.4,2.41,2.4,2.41
13.084,2.39,2.42,2.41,2.4
13.089,2.39,2.42,2.42,2.4
13.092,2.4,2.41,2.4,2.41
13.097,2.4,2.42,2.41,2.41
13.104,2.4,2.42,2.41,2.4
13.109,2.39,2.42,2.43,2.41
13.113,2.45,2.41,2.4,2.41
13.117,2.39,2.42,2.4,2.41
13.121,2.44,2.42,2.41,2.4
13.125,2.42,2.43,2.41,2.41
13.129,2.39,2.41,2.4,2.41
13.133,2.41,2.44,2.42,2.41
13.138,2.41,2.42,2.41,2.4
13.142,2.36,2.41,2.42,2.41
13.146,2.39,2.4,2.4,2.41
13.15,2.41,2.41,2.42,2.4
13.154,2.4,2.43,2.42,2.41
13.158,2.38,2.41,2.41,2.41
13.162,2.4,2.4,2.4,2.41
13.17,2.41,2.42,2.41,2.4
13.174,2.41,2.42,2.41,2.41
13.178,2.41,2.41,2.4,2.41
13.182,2.4,2.4,2.4,2.41
13.186,2.42,2.42,2.42,2.41
13.191,2.4,2.42,2.42,2.41
13.195,2.41,2.42,2.4,2.41
13.199,2.41,2.41,2.42,2.41
13.203,2.39,2.41,2.41,2.41
13.207,2.41,2.41,2.41,2.41
13.211,2.42,2.42,2.41,2.41
13.215,2.41,2.42,2.41,2.41
13.22,2.41,2.42,2.41,2.41
13.224,2.41,2.39,2.41,2.41
13.228,2.38,2.41,2.4,2.41
13.232,2.42,2.42,2.42,2.41
13.239,2.44,2.41,2.41,2.41
13.244,2.43,2.42,2.41,2.4
13.248,2.39,2.4,2.41,2.41
13.252,2.4,2.41,2.42,2.41
13.256,2.43,2.41,2.43,2.41
13.26,2.41,2.42,2.4,2.4
13.264,2.42,2.4,2.39,2.41
13.268,2.41,2.42,2.41,2.41
13.273,2.42,2.43,2.43,2.4
13.277,2.39,2.41,2.4,2.41
13.281,2.41,2.39,2.4,2.41
13.285,2.42,2.41,2.41,2.4
13.289,2.39,2.42,2.41,2.41
13.293,2.39,2.41,2.4,2.41
13.297,2.42,2.4,2.42,2.41
13.301,2.44,2.42,2.42,2.4
13.309,2.41,2.43,2.4,2.41
13.313,2.42,2.4,2.4,2.4
13.317,2.39,2.39,2.43,2.41
13.322,2.43,2.41,2.41,2.4
13.326,2.41,2.4,2.4,2.41
13.33,2.4,2.4,2.41,2.41
13.334,2.4,2.42,2.42,2.4
13.339,2.41,2.41,2.43,2.41
13.342,2.41,2.41,2.4,2.41
13.346,2.39,2.41,2.4,2.41
13.35,2.41,2.4,2.43,2.41
13.355,2.42,2.43,2.42,2.4
13.358,2.4,2.41,2.4,2.41
13.363,2.41,2.4,2.39,2.41
13.367,2.43,2.41,2.42,2.41
13.374,2.4,2.43,2.43,2.41
13.379,2.4,2.41,2.41,2.41
13.383,2.4,2.39,2.41,2.41
13.387,2.4,2.41,2.43,2.41
13.391,2.41,2.4,2.42,2.41
13.395,2.4,2.42,2.41,2.41
13.4,2.41,2.43,2.4,2.41
13.404,2.43,2.41,2.41,2.41
13.408,2.42,2.39,2.43,2.41
13.412,2.41,2.41,2.41,2.41
13.416,2.42,2.4,2.41,2.4
13.42,2.42,2.41,2.41,2.4
13.424,2.41,2.42,2.43,2.4
13.428,2.41,2.4,2.42,2.41
13.432,2.42,2.41,2.41,2.4
13.437,2.43,2.42,2.41,2.4
13.444,2.4,2.42,2.41,2.4
13.448,2.37,2.4,2.41,2.41
13.453,2.41,2.41,2.42,2.41
13.457,2.43,2.43,2.41,2.4
13.461,2.39,2.41,2.4,2.41
13.466,2.4,2.39,2.41,2.41
13.469,2.41,2.41,2.42,2.4
13.473,2.43,2.42,2.41,2.41
13.478,2.4,2.41,2.4,2.41
13.482,2.41,2.41,2.4,2.41
13.486,2.42,2.41,2.42,2.41
13.49,2.43,2.41,2.39,2.4
13.494,2.41,2.41,2.4,2.41
13.499,2.44,2.42,2.41,2.41
13.503,2.4,2.42,2.42,2.41
13.51,2.41,2.44,2.39,2.41
13.514,2.41,2.41,2.4,2.41
13.518,2.39,2.4,2.4,2.41
13.522,2.41,2.42,2.41,2.4
13.526,2.4,2.42,2.41,2.41
13.53,2.4,2.4,2.41,2.41
13.535,2.41,2.41,2.42,2.4
13.539,2.43,2.42,2.43,2.41
13.543,2.41,2.41,2.41,2.41
13.547,2.41,2.39,2.41,2.41
13.552,2.42,2.42,2.42,2.41
13.555,2.42,2.43,2.42,2.41
13.56,2.41,2.41,2.4,2.41
13.563,2.39,2.41,2.4,2.41
13.567,2.42,2.41,2.42,2.41
13.572,2.41,2.43,2.42,2.4
13.579,2.4,2.4,2.41,2.41
13.584,2.41,2.41,2.43,2.41
13.588,2.42,2.42,2.41,2.4
13.592,2.42,2.41,2.41,2.41
13.596,2.41,2.41,2.41,2.41
13.6,2.4,2.42,2.44,2.41
13.604,2.41,2.42,2.42,2.41
13.608,2.4,2.41,2.4,2.41
13.612,2.41,2.4,2.4,2.41
13.617,2.41,2.41,2.42,2.41
13.621,2.42,2.43,2.41,2.41
13.626,2.41,2.41,2.4,2.41
13.629,2.4,2.41,2.4,2.41
13.633,2.41,2.41,2.42,2.4
13.637,2.42,2.43,2.42,2.41
13.645,2.41,2.41,2.41,2.41
13.649,2.39,2.39,2.41,2.41
13.653,2.41,2.42,2.42,2.4
13.658,2.42,2.43,2.41,2.4
13.662,2.41,2.41,2.4,2.4
13.665,2.4,2.39,2.4,2.41
13.67,2.41,2.42,2.42,2.4
13.674,2.41,2.42,2.41,2.41
13.678,2.4,2.42,2.41,2.41
13.682,2.43,2.4,2.4,2.41
13.686,2.42,2.42,2.41,2.4
13.69,2.44,2.43,2.4,2.4
13.694,2.41,2.41,2.41,2.41
13.698,2.41,2.41,2.4,2.41
13.703,2.41,2.41,2.41,2.41
13.707,2.41,2.42,2.41,2.4
13.714,2.4,2.42,2.4,2.41
13.719,2.41,2.41,2.42,2.41
13.723,2.42,2.44,2.42,2.4
13.727,2.41,2.41,2.41,2.41
13.731,2.39,2.41,2.41,2.41
13.735,2.41,2.42,2.42,2.41
13.74,2.42,2.42,2.42,2.4
13.744,2.41,2.42,2.4,2.41
13.748,2.38,2.41,2.4,2.41
13.753,2.41,2.42,2.42,2.4
13.756,2.41,2.44,2.43,2.41
13.76,2.41,2.41,2.41,2.41
13.764,2.42,2.4,2.41,2.41
13.768,2.41,2.42,2.41,2.4
13.772,2.4,2.44,2.41,2.41
13.777,2.41,2.41,2.4,2.41
13.784,2.42,2.4,2.42,2.41
13.788,2.41,2.42,2.42,2.4
13.793,2.41,2.42,2.41,2.41
13.797,2.41,2.41,2.41,2.41
13.801,2.41,2.41,2.43,2.4
13.805,2.42,2.42,2.41,2.4
13.809,2.4,2.42,2.4,2.4
13.813,2.39,2.41,2.41,2.41
13.818,2.42,2.41,2.41,2.4
13.821,2.4,2.43,2.43,2.4
13.825,2.4,2.41,2.41,2.41
13.83,2.39,2.4,2.4,2.41
13.834,2.41,2.42,2.42,2.41
13.838,2.41,2.44,2.43,2.41
13.842,2.41,2.42,2.41,2.4
13.85,2.39,2.4,2.39,2.41
13.854,2.42,2.41,2.42,2.4
13.858,2.4,2.42,2.4,2.4
13.862,2.4,2.41,2.41,2.41
13.866,2.42,2.41,2.42,2.41
13.87,2.41,2.42,2.42,2.4
13.875,2.43,2.4,2.4,2.41
13.879,2.41,2.41,2.41,2.41
13.883,2.39,2.41,2.44,2.41
13.887,2.41,2.42,2.41,2.41
13.891,2.39,2.42,2.41,2.41
13.895,2.41,2.41,2.41,2.41
13.899,2.41,2.41,2.42,2.41
13.903,2.42,2.43,2.42,2.41
13.907,2.4,2.42,2.4,2.41
13.915,2.4,2.4,2.4,2.41
13.919,2.41,2.41,2.42,2.41
13.924,2.43,2.44,2.41,2.4
13.928,2.4,2.41,2.41,2.41
13.932,2.39,2.4,2.41,2.41
13.936,2.42,2.41,2.42,2.41
13.94,2.42,2.44,2.42,2.4
13.946,2.4,2.42,2.4,2.41
13.949,2.4,2.4,2.42,2.41
13.952,2.4,2.42,2.42,2.4
13.956,2.4,2.4,2.4,2.41
13.961,2.41,2.41,2.41,2.41
13.965,2.43,2.41,2.42,2.41
13.969,2.42,2.42,2.41,2.4
13.974,2.42,2.41,2.41,2.41
13.977,2.4,2.41,2.41,2.41
13.985,2.39,2.43,2.41,2.41
13.989,2.41,2.42,2.42,2.4
13.993,2.41,2.41,2.4,2.4
13.997,2.4,2.41,2.39,2.41
14.001,2.41,2.41,2.42,2.4
14.006,2.42,2.42,2.43,2.41
14.01,2.4,2.41,2.41,2.4
14.014,2.4,2.4,2.39,2.41
14.018,2.41,2.42,2.42,2.41
14.022,2.41,2.43,2.43,2.41
14.026,2.4,2.41,2.41,2.41
14.03,2.39,2.4,2.4,2.41
14.035,2.41,2.42,2.42,2.41
14.039,2.41,2.43,2.42,2.41
14.043,2.41,2.41,2.4,2.41
14.047,2.4,2.4,2.41,2.4
14.055,2.42,2.41,2.42,2.41
14.059,2.4,2.42,2.41,2.4
14.063,2.4,2.41,2.41,2.41
14.067,2.39,2.43,2.41,2.41
14.071,2.41,2.41,2.42,2.41
14.075,2.42,2.4,2.42,2.41
14.079,2.41,2.4,2.4,2.4
14.084,2.42,2.4,2.42,2.41
14.088,2.42,2.41,2.41,2.4
14.092,2.39,2.41,2.42,2.41
14.096,2.38,2.4,2.41,2.41
14.1,2.41,2.41,2.42,2.41
14.104,2.43,2.42,2.43,2.4
14.108,2.4,2.42,2.4,2.41
14.112,2.39,2.4,2.39,2.41
14.12,2.4,2.41,2.42,2.4
14.124,2.4,2.43,2.43,2.41
14.128,2.41,2.41,2.4,2.4
14.132,2.4,2.39,2.4,2.41
14.137,2.42,2.41,2.41,2.4
14.141,2.42,2.42,2.41,2.4
14.145,2.41,2.41,2.4,2.41
14.149,2.41,2.39,2.41,2.41
14.153,2.41,2.41,2.43,2.4
14.158,2.42,2.43,2.43,2.4
14.161,2.4,2.41,2.41,2.41
14.165,2.42,2.4,2.43,2.41
14.17,2.42,2.41,2.42,2.41
14.174,2.42,2.4,2.39,2.4
14.178,2.41,2.41,2.4,2.41
14.182,2.41,2.4,2.42,2.4
14.19,2.41,2.42,2.4,2.41
14.194,2.4,2.41,2.41,2.41
14.198,2.41,2.39,2.4,2.41
14.202,2.42,2.41,2.42,2.41
14.206,2.43,2.41,2.43,2.4
14.21,2.4,2.41,2.41,2.41
14.215,2.39,2.4,2.41,2.41
14.219,2.42,2.41,2.42,2.4
14.223,2.42,2.43,2.42,2.41
14.227,2.4,2.41,2.41,2.41
14.232,2.41,2.39,2.41,2.41
14.235,2.41,2.42,2.42,2.4
14.239,2.4,2.42,2.42,2.41
14.243,2.41,2.4,2.41,2.41
14.247,2.4,2.39,2.43,2.41
14.255,2.41,2.41,2.42,2.4
14.259,2.4,2.41,2.41,2.41
14.264,2.4,2.41,2.4,2.41
14.268,2.41,2.4,2.42,2.41
14.272,2.41,2.41,2.42,2.4
14.276,2.4,2.41,2.42,2.41
14.28,2.39,2.4,2.41,2.41
14.284,2.41,2.4,2.42,2.41
14.288,2.42,2.42,2.43,2.41
14.292,2.4,2.4,2.41,2.41
14.296,2.39,2.39,2.39,2.41
14.301,2.42,2.4,2.42,2.4
14.305,2.42,2.42,2.41,2.4
14.309,2.41,2.41,2.4,2.41
14.313,2.39,2.4,2.41,2.41
14.317,2.41,2.41,2.42,2.4
14.325,2.43,2.42,2.42,2.4
14.33,2.41,2.41,2.4,2.41
14.333,2.4,2.39,2.41,2.41
14.337,2.41,2.41,2.42,2.4
14.341,2.41,2.42,2.42,2.4
14.346,2.4,2.4,2.41,2.41
14.35,2.41,2.4,2.4,2.41
14.354,2.41,2.41,2.42,2.4
14.358,2.39,2.41,2.42,2.41
14.362,2.4,2.4,2.41,2.41
14.366,2.4,2.41,2.42,2.4
14.37,2.4,2.41,2.43,2.4
14.374,2.39,2.42,2.41,2.41
14.379,2.41,2.4,2.38,2.4
14.383,2.41,2.41,2.42,2.41
14.387,2.43,2.41,2.42,2.4
14.395,2.41,2.41,2.4,2.41
14.399,2.4,2.39,2.42,2.41
14.403,2.42,2.41,2.42,2.4
14.407,2.43,2.42,2.42,2.4
14.411,2.4,2.41,2.4,2.41
14.415,2.4,2.39,2.4,2.41
14.419,2.42,2.41,2.42,2.41
14.424,2.41,2.41,2.42,2.4
14.428,2.41,2.4,2.41,2.4
14.431,2.41,2.39,2.42,2.41
14.436,2.42,2.41,2.42,2.4
14.44,2.4,2.41,2.4,2.4
14.444,2.4,2.4,2.41,2.4
14.449,2.39,2.43,2.42,2.4
14.452,2.41,2.41,2.42,2.4
14.46,2.41,2.45,2.41,2.4
14.464,2.4,2.41,2.4,2.41
14.468,2.43,2.43,2.39,2.4
14.473,2.41,2.41,2.4,2.4
14.477,2.41,2.41,2.4,2.41
14.481,2.4,2.39,2.4,2.41
14.485,2.41,2.4,2.43,2.4
14.49,2.42,2.42,2.42,2.4
14.493,2.4,2.42,2.4,2.41
14.497,2.39,2.39,2.39,2.41
14.501,2.41,2.41,2.41,2.4
14.505,2.43,2.42,2.42,2.4
14.51,2.4,2.41,2.4,2.4
14.514,2.39,2.39,2.41,2.41
14.518,2.42,2.4,2.42,2.41
14.522,2.42,2.42,2.41,2.4
14.53,2.4,2.39,2.41,2.4
14.534,2.39,2.41,2.39,2.4
14.538,2.41,2.41,2.42,2.4
14.542,2.39,2.43,2.4,2.4
14.546,2.4,2.4,2.4,2.4
14.55,2.41,2.4,2.4,2.4
14.555,2.41,2.41,2.41,2.4
14.559,2.39,2.43,2.43,2.4
14.563,2.4,2.4,2.41,2.4
14.567,2.42,2.4,2.42,2.4
14.571,2.42,2.42,2.42,2.4
14.576,2.41,2.41,2.4,2.41
14.58,2.38,2.39,2.4,2.4
14.583,2.41,2.4,2.42,2.41
14.587,2.4,2.44,2.42,2.4
14.595,2.4,2.4,2.41,2.4
14.599,2.4,2.39,2.4,2.41
14.603,2.41,2.4,2.42,2.4
14.608,2.43,2.44,2.42,2.4
14.612,2.41,2.4,2.4,2.4
14.616,2.39,2.39,2.4,2.4
14.62,2.42,2.41,2.41,2.4
14.624,2.4,2.43,2.41,2.4
14.628,2.4,2.4,2.41,2.4
14.632,2.41,2.4,2.41,2.4
14.637,2.41,2.41,2.41,2.4
14.641,2.4,2.42,2.39,2.41
14.645,2.4,2.39,2.41,2.4
14.65,2.4,2.4,2.41,2.4
14.653,2.41,2.41,2.41,2.41
14.657,2.39,2.41,2.41,2.4
14.665,2.4,2.39,2.41,2.4
14.669,2.4,2.4,2.42,2.4
14.673,2.41,2.44,2.43,2.4
14.677,2.41,2.4,2.4,2.41
14.682,2.39,2.39,2.41,2.4
14.685,2.41,2.41,2.42,2.4
14.689,2.42,2.42,2.41,2.4
14.694,2.4,2.4,2.41,2.41
14.698,2.39,2.4,2.4,2.4
14.702,2.41,2.41,2.42,2.4
14.706,2.41,2.42,2.42,2.4
14.711,2.4,2.4,2.41,2.41
14.715,2.39,2.4,2.41,2.4
14.718,2.4,2.41,2.42,2.4
14.722,2.39,2.42,2.43,2.4
14.73,2.41,2.4,2.4,2.4
14.734,2.41,2.39,2.45,2.4
14.738,2.41,2.41,2.42,2.4
14.743,2.41,2.42,2.39,2.4
14.747,2.4,2.4,2.41,2.4
14.751,2.41,2.39,2.43,2.4
14.755,2.41,2.4,2.42,2.4
14.759,2.4,2.41,2.41,2.4
14.763,2.4,2.38,2.39,2.41
14.768,2.41,2.4,2.42,2.4
14.772,2.42,2.42,2.42,2.4
14.777,2.4,2.41,2.4,2.4
14.781,2.4,2.39,2.39,2.4
14.784,2.41,2.41,2.41,2.4
14.788,2.41,2.42,2.43,2.4
14.792,2.4,2.4,2.41,2.4
14.8,2.4,2.39,2.4,2.41
14.804,2.41,2.4,2.42,2.4
14.809,2.42,2.41,2.41,2.4
14.812,2.41,2.4,2.4,2.41
14.816,2.41,2.41,2.4,2.4
14.821,2.4,2.41,2.41,2.4
14.825,2.38,2.42,2.42,2.4
14.829,2.4,2.4,2.4,2.41
14.833,2.41,2.4,2.43,2.4
14.838,2.42,2.41,2.41,2.4
14.842,2.39,2.41,2.39,2.41
14.845,2.41,2.4,2.39,2.4
14.85,2.41,2.4,2.42,2.4
14.854,2.42,2.42,2.44,2.4
14.858,2.4,2.41,2.4,2.4
14.865,2.39,2.39,2.39,2.4
14.869,2.41,2.41,2.42,2.4
14.874,2.42,2.42,2.43,2.4
14.88,2.4,2.4,2.4,2.4
14.882,2.38,2.39,2.41,2.4
14.886,2.41,2.41,2.42,2.4
14.89,2.42,2.42,2.41,2.4
14.894,2.4,2.4,2.41,2.4
14.898,2.4,2.39,2.41,2.4
14.903,2.4,2.4,2.42,2.4
14.907,2.42,2.42,2.42,2.4
14.911,2.4,2.4,2.4,2.41
14.915,2.39,2.4,2.42,2.41
14.919,2.41,2.4,2.41,2.4
14.923,2.4,2.42,2.4,2.41
14.927,2.4,2.41,2.4,2.4
14.935,2.41,2.41,2.41,2.4
14.939,2.4,2.41,2.42,2.4
14.943,2.39,2.4,2.4,2.4
14.948,2.4,2.4,2.41,2.4
14.952,2.41,2.41,2.41,2.4
14.956,2.43,2.43,2.43,2.4
14.96,2.4,2.4,2.4,2.4
14.965,2.4,2.38,2.4,2.41
14.969,2.41,2.41,2.41,2.4
14.973,2.42,2.41,2.43,2.4
14.976,2.4,2.4,2.4,2.4
14.98,2.41,2.37,2.4,2.4
14.985,2.41,2.4,2.42,2.4
14.989,2.41,2.42,2.42,2.4
14.993,2.4,2.4,2.4,2.4
15.001,2.39,2.4,2.41,2.41
15.005,2.41,2.41,2.42,2.4
15.009,2.4,2.43,2.42,2.4
15.013,2.41,2.4,2.4,2.4
15.017,2.42,2.39,2.42,2.4
15.022,2.41,2.41,2.41,2.4
15.025,2.4,2.41,2.4,2.4
15.03,2.4,2.4,2.41,2.41
15.034,2.41,2.41,2.4,2.4
15.038,2.41,2.41,2.42,2.4
15.042,2.41,2.41,2.4,2.4
15.046,2.39,2.39,2.39,2.4
15.05,2.41,2.42,2.41,2.4
15.054,2.42,2.41,2.42,2.4
15.059,2.4,2.41,2.4,2.4
15.063,2.39,2.39,2.39,2.41
15.07,2.41,2.4,2.42,2.4
15.074,2.41,2.43,2.41,2.4
15.079,2.4,2.4,2.39,2.4
15.083,2.4,2.39,2.4,2.41
15.087,2.4,2.41,2.41,2.4
15.091,2.4,2.41,2.42,2.4
15.095,2.41,2.39,2.4,2.4
15.099,2.4,2.39,2.41,2.4
15.103,2.41,2.41,2.41,2.4
15.107,2.39,2.4,2.42,2.4
15.112,2.41,2.4,2.4,2.41
15.116,2.39,2.4,2.41,2.4
15.12,2.42,2.4,2.42,2.4
15.124,2.4,2.4,2.41,2.4
15.128,2.4,2.41,2.4,2.4
15.136,2.4,2.42,2.43,2.4
15.14,2.41,2.43,2.43,2.4
15.144,2.4,2.4,2.41,2.4
15.148,2.39,2.39,2.4,2.41
15.152,2.41,2.4,2.41,2.4
15.156,2.42,2.43,2.4,2.4
15.161,2.4,2.4,2.4,2.4
15.165,2.39,2.4,2.39,2.4
15.169,2.4,2.4,2.42,2.4
15.173,2.43,2.41,2.4,2.4
15.177,2.4,2.41,2.4,2.41
15.181,2.39,2.4,2.4,2.4
15.185,2.41,2.41,2.41,2.41
15.19,2.42,2.41,2.39,2.4
15.194,2.4,2.4,2.4,2.41
15.198,2.39,2.42,2.41,2.4
15.206,2.41,2.41,2.41,2.4
15.21,2.4,2.41,2.42,2.4
15.214,2.4,2.41,2.4,2.41
15.218,2.4,2.4,2.41,2.4
15.222,2.41,2.41,2.41,2.4
15.226,2.42,2.39,2.4,2.41
15.23,2.41,2.39,2.4,2.4
15.234,2.41,2.4,2.41,2.4
15.238,2.42,2.43,2.41,2.4
15.242,2.4,2.41,2.4,2.4
15.247,2.39,2.39,2.4,2.41
15.251,2.41,2.41,2.41,2.4
15.255,2.41,2.43,2.41,2.4
15.259,2.4,2.4,2.4,2.4
15.263,2.39,2.38,2.41,2.41
15.271,2.41,2.4,2.41,2.4
15.275,2.41,2.41,2.42,2.4
15.279,2.41,2.4,2.4,2.41
15.283,2.39,2.4,2.4,2.41
15.288,2.41,2.41,2.42,2.4
15.292,2.4,2.41,2.42,2.4
15.296,2.4,2.4,2.4,2.41
15.3,2.4,2.4,2.41,2.41
15.304,2.42,2.41,2.41,2.4
15.308,2.4,2.42,2.39,2.41
15.313,2.4,2.4,2.4,2.41
15.317,2.41,2.4,2.4,2.41
15.321,2.41,2.41,2.41,2.4
15.325,2.39,2.41,2.41,2.41
15.329,2.39,2.39,2.39,2.41
15.337,2.41,2.41,2.41,2.4
15.341,2.42,2.42,2.42,2.4
15.345,2.41,2.4,2.4,2.41
15.349,2.4,2.39,2.4,2.41
15.353,2.41,2.41,2.41,2.4
15.357,2.43,2.43,2.41,2.4
15.361,2.41,2.4,2.4,2.41
15.366,2.39,2.39,2.4,2.41
15.37,2.42,2.4,2.41,2.4
15.374,2.4,2.42,2.41,2.41
15.378,2.4,2.4,2.4,2.41
15.383,2.39,2.42,2.4,2.41
15.387,2.41,2.41,2.42,2.4
15.39,2.39,2.43,2.39,2.41
15.394,2.4,2.4,2.4,2.41
15.398,2.41,2.4,2.42,2.41
15.406,2.41,2.4,2.42,2.41
15.41,2.4,2.39,2.41,2.41
15.415,2.41,2.4,2.41,2.41
15.418,2.41,2.4,2.42,2.4
15.423,2.42,2.41,2.43,2.4
15.427,2.4,2.41,2.4,2.41
15.431,2.39,2.39,2.4,2.41
15.435,2.41,2.4,2.42,2.41
15.439,2.42,2.42,2.43,2.4
15.443,2.4,2.4,2.4,2.41
15.447,2.39,2.39,2.4,2.41
15.451,2.4,2.41,2.42,2.4
15.456,2.42,2.41,2.41,2.41
15.46,2.41,2.4,2.41,2.41
15.464,2.4,2.39,2.41,2.41
15.472,2.41,2.41,2.41,2.41
15.476,2.41,2.4,2.41,2.41
15.48,2.4,2.4,2.4,2.41
15.484,2.38,2.4,2.42,2.41
15.488,2.41,2.41,2.42,2.4
15.492,2.41,2.41,2.4,2.4
15.496,2.39,2.4,2.4,2.41
15.501,2.39,2.42,2.4,2.41
15.505,2.41,2.41,2.42,2.41
15.509,2.39,2.41,2.41,2.41
15.514,2.39,2.39,2.39,2.41
15.517,2.4,2.41,2.41,2.41
15.521,2.41,2.42,2.43,2.4
15.526,2.4,2.41,2.41,2.41
15.529,2.39,2.4,2.39,2.41
15.534,2.41,2.41,2.41,2.41
15.541,2.42,2.43,2.43,2.4
15.545,2.4,2.4,2.4,2.41
15.549,2.4,2.39,2.4,2.41
15.554,2.41,2.41,2.41,2.4
15.558,2.4,2.41,2.39,2.41
15.562,2.4,2.41,2.4,2.41
15.566,2.39,2.4,2.4,2.41
15.57,2.41,2.41,2.41,2.41
15.575,2.42,2.4,2.41,2.41
15.578,2.4,2.4,2.4,2.41
15.583,2.4,2.4,2.4,2.41
15.587,2.41,2.42,2.41,2.4
15.591,2.4,2.41,2.4,2.41
15.595,2.4,2.4,2.39,2.41
15.6,2.41,2.39,2.41,2.41
15.607,2.41,2.42,2.41,2.41
15.611,2.4,2.41,2.41,2.41
15.615,2.39,2.39,2.39,2.41
15.619,2.41,2.41,2.42,2.41
15.623,2.41,2.41,2.43,2.4
15.628,2.4,2.4,2.4,2.41
15.632,2.39,2.39,2.4,2.41
15.636,2.41,2.4,2.42,2.41
15.64,2.43,2.42,2.42,2.4
15.644,2.4,2.4,2.4,2.41
15.648,2.39,2.39,2.4,2.41
15.652,2.4,2.41,2.42,2.41
15.656,2.42,2.43,2.39,2.41
15.66,2.4,2.4,2.4,2.41
15.665,2.39,2.42,2.41,2.41
15.669,2.41,2.4,2.41,2.41
15.676,2.42,2.4,2.4,2.41
15.681,2.41,2.4,2.4,2.41
15.685,2.39,2.4,2.42,2.41
15.689,2.41,2.41,2.42,2.4
15.693,2.42,2.4,2.4,2.41
15.697,2.4,2.4,2.39,2.41
15.702,2.41,2.4,2.41,2.4
15.706,2.42,2.41,2.42,2.41
15.71,2.4,2.41,2.4,2.4
15.713,2.39,2.39,2.39,2.41
15.718,2.41,2.4,2.41,2.41
15.722,2.43,2.43,2.4,2.4
15.726,2.4,2.41,2.4,2.41
15.73,2.39,2.39,2.39,2.41
15.734,2.41,2.41,2.41,2.41
15.742,2.42,2.43,2.42,2.4
15.746,2.4,2.4,2.4,2.41
15.75,2.38,2.4,2.4,2.41
15.754,2.41,2.41,2.41,2.4
15.758,2.4,2.4,2.41,2.41
15.763,2.4,2.4,2.4,2.41
15.767,2.4,2.4,2.42,2.41
15.771,2.41,2.41,2.42,2.4
15.775,2.41,2.4,2.4,2.41
15.779,2.41,2.39,2.4,2.41
15.783,2.42,2.4,2.44,2.41
15.788,2.41,2.41,2.41,2.4
15.792,2.4,2.41,2.41,2.41
15.796,2.4,2.39,2.39,2.41
15.801,2.41,2.4,2.41,2.41
15.804,2.42,2.42,2.42,2.4
15.812,2.4,2.41,2.39,2.41
15.816,2.39,2.39,2.41,2.41
15.82,2.41,2.4,2.41,2.4
15.824,2.43,2.42,2.4,2.41
15.828,2.4,2.41,2.39,2.41
15.833,2.4,2.39,2.4,2.41
15.836,2.41,2.41,2.41,2.4
15.84,2.41,2.43,2.4,2.4
15.844,2.41,2.4,2.4,2.41
15.849,2.41,2.39,2.42,2.41
15.853,2.41,2.41,2.42,2.4
15.857,2.41,2.4,2.41,2.41
15.861,2.4,2.4,2.4,2.41
15.865,2.41,2.41,2.41,2.41
15.869,2.41,2.4,2.41,2.4
15.877,2.4,2.41,2.39,2.41
15.881,2.4,2.4,2.4,2.41
15.885,2.42,2.41,2.41,2.41
15.89,2.41,2.41,2.42,2.4
15.894,2.4,2.41,2.4,2.41
15.898,2.39,2.39,2.39,2.41
15.902,2.41,2.4,2.41,2.41
15.906,2.43,2.41,2.42,2.4
15.91,2.4,2.41,2.4,2.41
15.914,2.4,2.39,2.38,2.41
15.919,2.41,2.41,2.41,2.41
15.923,2.42,2.43,2.42,2.41
15.927,2.4,2.41,2.4,2.41
15.931,2.41,2.39,2.41,2.41
15.935,2.41,2.42,2.41,2.41
15.939,2.42,2.41,2.41,2.4
15.947,2.41,2.4,2.4,2.41
15.951,2.41,2.41,2.41,2.41
15.955,2.41,2.41,2.41,2.4
15.959,2.39,2.4,2.4,2.41
15.963,2.39,2.4,2.39,2.41
15.967,2.42,2.39,2.42,2.41
15.971,2.41,2.41,2.41,2.41
15.976,2.39,2.41,2.4,2.41
15.98,2.4,2.41,2.4,2.41
15.984,2.41,2.4,2.41,2.41
15.989,2.42,2.42,2.43,2.41
15.993,2.41,2.41,2.4,2.41
15.996,2.4,2.39,2.39,2.41
16,2.41,2.41,2.41,2.4
16.005,2.4,2.43,2.41,2.4
16.012,2.4,2.41,2.4,2.41
